/	meta	home	in=0	out=7	My Axolotl — Everything You Need to Know About Axolotls My Axolotl - Everything You Need to Know About Axolotls
/404.html	meta	404	in=0	out=0	404 Page Not Found
/about	meta	simple	in=0	out=0	About About
/axolotl-in-culture	axolotl-in-culture	hub	in=0	out=4	Axolotls in Pop Culture Axolotls in Pop Culture: Minecraft, Memes & More
/axolotl-in-culture/adopt-me-axolotl-guide	axolotl-in-culture	article	in=2	out=3	Axolotl in Adopt Me: How to Get One Axolotl in Adopt Me: How to Get One & All Colors (2026)
/axolotl-in-culture/axolotl-in-pop-culture-and-memes	axolotl-in-culture	article	in=2	out=3	Axolotl in Pop Culture and Memes Axolotl in Pop Culture: Memes, Games, TV & Why They're Famous
/axolotl-in-culture/minecraft-axolotls-guide	axolotl-in-culture	article	in=5	out=3	Minecraft Axolotls: Complete Guide Minecraft Axolotls: Spawning, Colors & How to Catch Them
/axolotl-in-culture/why-axolotls-are-suddenly-popular	axolotl-in-culture	article	in=4	out=4	Why Are Axolotls So Popular? Why Are Axolotls So Popular? The Rise of a Cute Endangered Amphibian
/axolotls	axolotls	hub	in=0	out=1	Axolotls: The Complete Guide Axolotls: Complete Care & Biology Guide (2026)
/axolotls/care-guide	axolotls	article	in=8	out=5	Axolotl Care Guide: Tank Setup, Water Parameters, Diet & Health Axolotl Care Guide: Tank Setup, Water… | Axolotl Care Guide
/biology-and-science	biology-and-science	hub	in=0	out=8	Axolotl Biology & Science Axolotl Biology: Anatomy, Neoteny & Regeneration Science
/biology-and-science/anatomy-gills-and-lungs	biology-and-science	article	in=3	out=3	Axolotl Anatomy: Gills and Lungs Do Axolotls Have Lungs? Anatomy of Gills & Breathing
/biology-and-science/axolotl-vs-tiger-salamander	biology-and-science	article	in=3	out=2	Axolotl vs Tiger Salamander Axolotl vs Tiger Salamander: Key Differences Explained
/biology-and-science/conservation-status	biology-and-science	article	in=5	out=4	Axolotl Conservation Status Axolotl Conservation Status: Critically Endangered, Explained
/biology-and-science/is-axolotl-amphibian	biology-and-science	article	in=4	out=2	Is an Axolotl an Amphibian? Is an Axolotl an Amphibian? Yes - Here's Why
/biology-and-science/lifespan-wild-vs-captivity	biology-and-science	article	in=2	out=2	Axolotl Lifespan: Wild vs Captivity Axolotl Lifespan: How Long Do Axolotls Live?
/biology-and-science/neoteny	biology-and-science	article	in=6	out=2	What Is Neoteny? What Is Neoteny? Why Axolotls Never Grow Up
/biology-and-science/regeneration-and-limb-regrowth	biology-and-science	article	in=3	out=3	Axolotl Regeneration: The Science Axolotl Regeneration: How They Regrow Limbs & Body Parts
/biology-and-science/wild-habitat-xochimilco	biology-and-science	article	in=4	out=2	Axolotl Wild Habitat: Xochimilco Axolotl Habitat: Life in Xochimilco, Mexico City
/breeding	breeding	hub	in=0	out=6	Axolotl Breeding Guide How to Breed Axolotls: Complete Breeding Guide (2026)
/breeding/breeding-triggers-temperature-cycling	breeding	article	in=4	out=2	Breeding Triggers: Temperature Cycling for Axolotls How to Trigger Axolotl Breeding: Temperature & Light Cycling
/breeding/color-genetics-punnett-squares	breeding	article	in=9	out=3	Axolotl Color Genetics: Punnett Squares Explained Axolotl Color Genetics: Punnett Squares Explained
/breeding/egg-and-larvae-care	breeding	article	in=5	out=2	Axolotl Egg and Larvae Care: A Complete Guide Axolotl Egg Care: Hatching Time, Setup & Feeding Larvae
/breeding/genetics-and-inbreeding	breeding	article	in=3	out=2	Axolotl Genetics and Inbreeding Risk Axolotl Genetics & Inbreeding Risk: What Breeders Must Know
/breeding/raising-juveniles	breeding	article	in=4	out=2	Raising Baby Axolotls (Juveniles) to Adulthood Raising Baby Axolotls: Feeding, Growth & Rehoming Juveniles
/breeding/sexing-axolotls	breeding	article	in=2	out=2	How to Tell Axolotl Gender (Sexing Guide) How to Tell Axolotl Gender: Male vs Female Cloaca Guide
/care-basics	care-basics	hub	in=0	out=10	Axolotl Care Basics Axolotl Care Basics: Facts, Behavior & Beginner Tips
/care-basics/are-axolotls-good-beginner-pets	care-basics	article	in=5	out=4	Are Axolotls Good Pets for Beginners? Are Axolotls Good Pets for Beginners? Honest Pros & Cons
/care-basics/axolotl-age-and-size-chart	care-basics	article	in=2	out=3	Axolotl Age and Size Chart Axolotl Age & Size Chart: How Big They Get at Every Stage
/care-basics/axolotl-facts	care-basics	article	in=4	out=3	Amazing Axolotl Facts Axolotl Facts: 25 Amazing Things You Need to Know (2026)
/care-basics/axolotl-intelligence-and-bonding	care-basics	article	in=2	out=2	Do Axolotls Recognize Their Owners? Do Axolotls Recognize Their Owners? Bonding & Intelligence
/care-basics/axolotls-and-children	care-basics	article	in=3	out=4	Are Axolotls Good Pets for Kids? Are Axolotls Good Pets for Kids? What Parents Must Know
/care-basics/behavior	care-basics	article	in=3	out=3	Axolotl Behavior Explained Axolotl Behavior Explained: What Every Owner Should Know
/care-basics/cost-of-ownership-monthly	care-basics	article	in=3	out=4	Axolotl Monthly Cost of Ownership Axolotl Monthly Cost: Budget for Food, Water & Supplies (2026)
/care-basics/handling	care-basics	article	in=3	out=3	How to Hold an Axolotl How to Hold an Axolotl: Safe Handling, Netting & Transport
/care-basics/how-to-pronounce-axolotl	care-basics	article	in=2	out=2	How to Pronounce Axolotl How to Pronounce Axolotl: Correct Way & Common Mistakes
/care-basics/keeping-multiple-axolotls	care-basics	article	in=3	out=3	Can Axolotls Live Together? Can Axolotls Live Together? Housing Multiple Axolotls Safely
/contact	meta	simple	in=0	out=0	Contact Contact
/cost-and-buying	cost-and-buying	hub	in=0	out=6	Axolotl Cost & Where to Buy Axolotl Cost: Price, Monthly Budget & Where to Buy (2026)
/cost-and-buying/axolotl-price-by-morph	cost-and-buying	article	in=6	out=3	Axolotl Price by Morph Axolotl Price by Morph: Cost Guide for Every Color (2026)
/cost-and-buying/breeder-vs-pet-store	cost-and-buying	article	in=4	out=2	Axolotl Breeder vs Pet Store Axolotl Breeder vs Pet Store: Where to Buy (2026)
/cost-and-buying/choosing-a-reputable-breeder	cost-and-buying	article	in=4	out=2	How to Choose a Reputable Axolotl Breeder How to Choose an Axolotl Breeder: 12 Questions to Ask
/cost-and-buying/how-to-choose-a-healthy-axolotl	cost-and-buying	article	in=4	out=2	How to Choose a Healthy Axolotl How to Choose a Healthy Axolotl: Signs to Check Before Buying
/cost-and-buying/red-flags-when-buying	cost-and-buying	article	in=3	out=2	Axolotl Seller Red Flags Axolotl Seller Red Flags: How to Spot Scams and Bad Breeders
/cost-and-buying/shipping-live-axolotls	cost-and-buying	article	in=2	out=2	How Axolotls Are Shipped How Are Axolotls Shipped: What to Expect
/diet	diet	hub	in=0	out=12	Axolotl Diet & Feeding Guide Axolotl Food: What to Feed & How Often
/diet/axolotl-pellets	diet	article	in=2	out=2	Best Axolotl Pellets and Commercial Foods Best Axolotl Pellets and Commercial Foods | Axolotl Care Guide
/diet/beef-heart	diet	article	in=2	out=2	Can Axolotls Eat Beef Heart? Can Axolotls Eat Beef Heart? | Axolotl Care Guide
/diet/best-foods-list	diet	article	in=8	out=4	What Do Axolotls Eat? The Complete Diet Guide What Do Axolotls Eat? The Complete Diet… | Axolotl Care Guide
/diet/blackworms-for-juveniles	diet	article	in=2	out=2	Preparing Blackworms for Juvenile Axolotls Preparing Blackworms for Juvenile Axolotls | Axolotl Care Guide
/diet/fasting-and-vacation	diet	article	in=2	out=2	How Long Can Axolotls Fast? How Long Can Axolotls Fast? | Axolotl Care Guide
/diet/feeder-fish-risks	diet	article	in=5	out=2	The Risks of Feeding Feeder Fish to Axolotls The Risks of Feeding Feeder Fish to… | Axolotl Care Guide
/diet/feeding-schedule-by-age	diet	article	in=9	out=2	Axolotl Feeding Frequency by Life Stage and Size Axolotl Feeding Frequency by Life Stage… | Axolotl Care Guide
/diet/how-to-hand-feed	diet	article	in=2	out=2	How to Hand Feed Your Axolotl Safely How to Hand Feed Your Axolotl Safely | Axolotl Care Guide
/diet/live-vs-frozen-food	diet	article	in=5	out=3	Earthworms vs. Bloodworms: Which Is Better for Axolotls? Earthworms vs. Bloodworms: Which Is… | Axolotl Care Guide
/diet/overfeeding-and-impaction	diet	article	in=6	out=3	Axolotl Obesity: Signs, Causes, Treatment, and Prevention Axolotl Obesity: Signs, Causes… | Axolotl Care Guide
/diet/shrimp-for-axolotls	diet	article	in=1	out=2	Can Axolotls Eat Shrimp? Can Axolotls Eat Shrimp? | Axolotl Care Guide
/diet/vitamin-and-supplement-needs	diet	article	in=2	out=2	Do Axolotls Need Vitamin Supplements? A Complete Guide to Safe Nutrition Do Axolotls Need Vitamin Supplements? A… | Axolotl Care Guide
/gifts-and-merch	gifts-and-merch	hub	in=0	out=4	Axolotl Gifts & Merchandise Axolotl Toy & Gifts: Plushies, Squishmallows, Apparel & More
/gifts-and-merch/axolotl-squishmallow-guide	gifts-and-merch	article	in=4	out=2	The Complete Axolotl Squishmallow Guide Every Axolotl Squishmallow: Archie, Sizes & How to Buy
/gifts-and-merch/best-axolotl-lego-sets	gifts-and-merch	article	in=2	out=2	Best LEGO Axolotl Sets LEGO Axolotl Sets: Minecraft The Axolotl House Explained
/gifts-and-merch/best-axolotl-toys-and-plushies	gifts-and-merch	article	in=5	out=3	The Best Axolotl Toys and Plushies Best Axolotl Toys & Plushies: Stuffed Animals & More (2026)
/gifts-and-merch/build-a-bear-axolotl-guide	gifts-and-merch	article	in=3	out=2	The Build-A-Bear Axolotl Guide Build-A-Bear Axolotl: Every Model, Price & How to Customize
/health	health	hub	in=0	out=18	Axolotl Health & Illness Guide Axolotl Health Problems: Symptoms & Treatment
/health/ammonia-burns	health	article	in=2	out=3	How to Treat Axolotl Ammonia Burns Axolotl Ammonia Burn: Signs, Stages & Treatment
/health/black-tea-bath	health	article	in=4	out=2	Black Tea Bath for Axolotls: Step-by-Step Treatment Black Tea Bath for Axolotls… | Axolotl Care Guide
/health/curled-gills-stress-signal	health	article	in=5	out=4	Axolotl Curled Gills and Tail Tips: Understanding a Stress Signal Curled Axolotl Gills & Tail Tip: Stress Signals & Fixes
/health/finding-an-exotic-vet	health	article	in=2	out=4	Finding an Exotic Vet for Axolotls How to Find an Axolotl Vet: What to Look For & How Much It Costs
/health/fridging-sick-axolotl	health	article	in=4	out=2	When and How to Fridge a Sick Axolotl When and How to Fridge a Sick Axolotl | Axolotl Care Guide
/health/fungal-infections-saprolegnia	health	article	in=10	out=3	How to Identify and Treat Axolotl Fungus How to Identify and Treat Axolotl Fungus | Axolotl Care Guide
/health/impaction-symptoms-treatment	health	article	in=3	out=4	Axolotl Impaction Symptoms and Treatment Axolotl Impaction: Symptoms, Causes & Treatment
/health/limb-regeneration	health	article	in=3	out=2	Understanding Axolotl Limb Regeneration How Axolotl Limb Regeneration Works & What to Expect
/health/malnutrition-signs	health	article	in=4	out=2	Signs of Malnutrition in Axolotls Signs of Malnutrition in Axolotls | Axolotl Care Guide
/health/minor-scrapes-and-wounds	health	article	in=2	out=3	Treating Minor Scrapes and Wounds on Axolotls Treating Minor Axolotl Scrapes & Wounds: What to Do
/health/parasite-treatment	health	article	in=3	out=5	Treating Axolotl Parasites Treating Axolotl Parasites | Axolotl Care Guide
/health/quarantine-tub	health	article	in=5	out=3	Setting Up an Axolotl Hospital Quarantine Tub Axolotl Hospital Quarantine Tub: Setup & Care
/health/red-leg-syndrome	health	article	in=3	out=3	Recognizing Red Leg Syndrome in Axolotls Axolotl Red Leg Disease: Signs, Treatment & Prevention
/health/refusing-to-eat	health	article	in=12	out=2	Why Is My Axolotl Refusing to Eat? 12 Causes, Timeline and When to Worry Why Is My Axolotl Refusing to Eat? 12… | Axolotl Care Guide
/health/salt-bath	health	article	in=3	out=2	Axolotl Salt Baths: Treating Fungal Infections Safely Axolotl Salt Baths: Treating Fungal… | Axolotl Care Guide
/health/shrinking-gills	health	article	in=2	out=3	The Causes of Shrinking Axolotl Gills Why Are My Axolotl's Gills Shrinking? Causes & Fixes
/health/stress-signs	health	article	in=3	out=4	Axolotl Stress Signs Axolotl Stress Signs: Curled Gills, Floating & How to Fix It
/health/why-axolotl-floating	health	article	in=3	out=2	Why Is My Axolotl Floating? Causes and Treatment Why Is My Axolotl Floating? Causes and… | Axolotl Care Guide
/legal	legal	hub	in=0	out=7	Is It Legal to Own an Axolotl? Is It Legal to Own an Axolotl? Laws by State & Country (2026)
/legal/california	legal	article	in=7	out=4	Are Axolotls Legal in California? Are Axolotls Legal in California? Laws & Permits (2026)
/legal/canada	legal	article	in=5	out=4	Are Axolotls Legal in Canada? Are Axolotls Legal in Canada? Import Rules by Province (2026)
/legal/hawaii	legal	article	in=2	out=3	Are Axolotls Legal in Hawaii? Are Axolotls Legal in Hawaii? Import Rules Explained (2026)
/legal/maine	legal	article	in=5	out=4	Are Axolotls Legal in Maine? Are Axolotls Legal in Maine? Permit Rules Explained (2026)
/legal/new-jersey	legal	article	in=3	out=3	Are Axolotls Legal in New Jersey? Are Axolotls Legal in New Jersey? Laws Explained (2026)
/legal/new-mexico	legal	article	in=2	out=3	Are Axolotls Legal in New Mexico? Are Axolotls Legal in New Mexico? Import Permit (2026)
/legal/virginia	legal	article	in=6	out=4	Are Axolotls Legal in Virginia? Are Axolotls Legal in Virginia? Laws Explained (2026)
/morphs	morphs	hub	in=0	out=13	Axolotl Morphs & Color Genetics Axolotl Morphs: Colors, Types & Genetics Explained
/morphs/blue-and-pink-axolotl-myth	morphs	article	in=2	out=3	Blue and Pink Axolotl Myth Blue and Pink Axolotls: The Myth Explained (No Blue Morph Exists)
/morphs/chimera	morphs	article	in=6	out=4	Chimera Axolotl: The Rarest Morph of All Chimera Axolotl: The Rarest Morph, Explained
/morphs/copper	morphs	article	in=2	out=4	Copper Axolotl Copper Axolotl: Color, Genetics & How to Breed Them
/morphs/enigma-firefly-mac	morphs	article	in=3	out=3	Enigma, MAC and Firefly Axolotls Enigma, MAC & Firefly Axolotls: Rare Morphs and the Ethics Debate
/morphs/gfp-axolotl	morphs	article	in=2	out=2	GFP Axolotl: The Glowing Morph What Is a GFP Axolotl? Care, Setup & Why They Glow
/morphs/golden-albino	morphs	article	in=3	out=3	Golden Albino Axolotl Golden Albino Axolotl: Genetics, Price & Care Guide
/morphs/leucistic	morphs	article	in=10	out=6	Leucistic Axolotl: The "Lucy" Morph Leucistic Axolotl: Color, Genetics & How to Spot a Dirty Lucy
/morphs/melanoid	morphs	article	in=3	out=3	Melanoid Axolotl: The Dark Morph Melanoid Axolotl: Genetics & How to Identify One
/morphs/morphs-comparison-chart	morphs	article	in=3	out=3	Axolotl Morphs Comparison Chart Axolotl Morphs Comparison Chart: All Colors at a Glance
/morphs/mosaic	morphs	article	in=2	out=3	Mosaic Axolotl Mosaic Axolotl: The Patchy Rare Morph, Explained
/morphs/piebald	morphs	article	in=2	out=4	Piebald Axolotl: The Patchy Morph Piebald Axolotl: Genetics, Price & How It's Different
/morphs/pigment-cells	morphs	article	in=4	out=4	Understanding Axolotl Pigment Cells Axolotl Pigment Cells: Chromatophores, Melanophores & More
/morphs/wild-type	morphs	article	in=9	out=4	Wild Type Axolotl: The Natural Color Wild Type Axolotl: Color, Genetics & How to Identify One
/privacy	meta	simple	in=0	out=0	Privacy Policy Privacy Policy
/search	meta	search	in=0	out=0	Search Axolotl Guides Search Axolotl Guides
/tank-setup	tank-setup	hub	in=0	out=17	Axolotl Tank Setup Axolotl Tank Setup Guide: Size, Filter, Substrate, Water
/tank-setup/acclimating-a-new-axolotl	tank-setup	article	in=2	out=3	How to Acclimate a New Axolotl How to Acclimate a New Axolotl: Step-by-Step
/tank-setup/aquarium-chillers	tank-setup	article	in=5	out=2	Best Aquarium Chillers for Axolotls Best Aquarium Chillers for Axolotls | Axolotl Care Guide
/tank-setup/canister-vs-sponge-filter	tank-setup	article	in=2	out=2	Canister Filters vs. Sponge Filters for Axolotls Canister Filters vs. Sponge Filters for… | Axolotl Care Guide
/tank-setup/filtration-for-axolotls	tank-setup	article	in=4	out=2	Best Filter for Axolotl Tanks: Types, Sizing & Top Picks Best Filter for Axolotl Tanks: Types… | Axolotl Care Guide
/tank-setup/gravel-risks	tank-setup	article	in=3	out=2	The Dangers of Sharp Gravel for Axolotls The Dangers of Sharp Gravel for Axolotls | Axolotl Care Guide
/tank-setup/hides-and-caves	tank-setup	article	in=3	out=2	Best Hides and Caves for Axolotls Best Hides and Caves for Axolotls | Axolotl Care Guide
/tank-setup/lighting-for-axolotls	tank-setup	article	in=4	out=2	Axolotl Tank Lighting Requirements Axolotl Tank Lighting Requirements | Axolotl Care Guide
/tank-setup/live-vs-artificial-plants	tank-setup	article	in=3	out=2	Live Plants vs. Fake Plants for Axolotl Tanks Live Plants vs. Fake Plants for Axolotl… | Axolotl Care Guide
/tank-setup/setup-guide	tank-setup	article	in=9	out=4	How to Set Up an Axolotl Tank the Right Way How to Set Up an Axolotl Tank the Right… | Axolotl Care Guide
/tank-setup/substrate-and-impaction	tank-setup	article	in=5	out=2	Choosing the Best Axolotl Substrate Choosing the Best Axolotl Substrate | Axolotl Care Guide
/tank-setup/tank-mates	tank-setup	article	in=2	out=3	Can Axolotls Live with Fish? Can Axolotls Live with Fish? Tank-Mates, Explained
/tank-setup/tank-size-by-age	tank-setup	article	in=4	out=4	Axolotl Tank Size by Age Axolotl Tank Size by Age: How Big of a Tank Do You Need?
/tank-setup/temperature	tank-setup	article	in=5	out=2	How to Keep an Axolotl Tank Cool How to Keep an Axolotl Tank Cool | Axolotl Care Guide
/tank-setup/uneaten-food-and-ammonia	tank-setup	article	in=3	out=2	Why Uneaten Food Causes Ammonia in an Axolotl Tank Why Uneaten Food Causes Ammonia in an… | Axolotl Care Guide
/tank-setup/water-conditioners	tank-setup	article	in=4	out=5	Axolotl Water Conditioner: Creating Safe Water Axolotl Water Conditioner: Creating Safe… | Axolotl Care Guide
/tank-setup/water-parameters-cycling	tank-setup	article	in=16	out=2	Managing Ammonia and Nitrate Spikes in Axolotl Tanks Managing Ammonia and Nitrate Spikes in… | Axolotl Care Guide
/tank-setup/why-tank-water-smells	tank-setup	article	in=2	out=2	Why Does My Axolotl Tank Water Stink? Why Does My Axolotl Tank Water Stink? | Axolotl Care Guide
/tools	tools	tools-index	in=0	out=0	Axolotl Care Tools Axolotl Tools & Calculators
/tools/feeding-schedule-generator	tools	tool	in=0	out=2	Axolotl Feeding Schedule Generator Axolotl Feeding Schedule Generator
/tools/nitrogen-cycle-tracker	tools	tool	in=0	out=1	Axolotl nitrogen cycle tracker Axolotl Nitrogen Cycle Tracker — Free Tank Cycling Progress Tool
/tools/symptom-checker	tools	tool	in=0	out=3	Axolotl Symptom Checker Axolotl Symptom Checker
/tools/tank-size-calculator	tools	tool	in=0	out=2	Axolotl Tank Size Calculator Axolotl Tank Size Calculator
/tools/water-conditioner-dosage-calculator	tools	tool	in=0	out=1	Axolotl Water Conditioner  Dosage Calculator Axolotl Water Conditioner Dosage Calculator | Precise Dosing for Healthy Axolotls