id,priority,type,cluster,node,evidence,action,expected_effect
G0-01,P0,TOOL-LINKING,tools,/tools/*,content-linkgraph.json tools column = 0 inbound; content-inout.tsv tools-index in=0 out=0,"Add contextual edge from each tool's knowledge article to the tool (feeding-schedule-by-age->feeding-schedule-generator; water-parameters-cycling->nitrogen-cycle-tracker; stress-signs+refusing-to-eat->symptom-checker; tank-size-by-age->tank-size-calculator; water-conditioners->water-conditioner-dosage-calculator) plus one return edge each","Tools become supporting hubs of CORE clusters; UTC completion CTA in-article; removes the only cluster with zero content inbound"
G0-02,P0,FAQ-GAP,tank-setup,/tank-setup/water-parameters-cycling,in=15 (top authority), 4924w, phase7 flag [no-faq], "Add micro-FAQ block (nitrate spike, ammonia spike, fishless cycling, how long to cycle) and link the nitrogen-cycle-tracker tool",PAA/PAA-surface on the site's most-referenced node
G0-03,P0,DIRECTIONALITY,diet,/diet/*;,diet self-link 37/38 = 97% (cluster-matrix row diet); diet->health = 1 while health->diet = 4,"Add: overfeeding-and-impaction -> health/impaction-symptoms-treatment and health/malnutrition-signs; feeder-fish-risks -> health/parasite-treatment; care-basics/axolotl-intelligence-and-bonding return edge from diet",Break diet silo; consequence-causes reciprocity
G1-01,P1,THIN+CROSS-LINK,health,/health/finding-an-exotic-vet,519w, in=2, role transactional,"Depth: emergency-threshold/teletriage content; + diagnostic pages (refusing-to-eat, salt-bath, fridging-sick-axolotl) should escalate to vet here",Vet node becomes escalation target (E-E-A-T + trust)
G1-02,P1,OVERLAP-SCOPING,health,/care-basics/behavior,,/health/stress-signs,/health/curled-gills-stress-signal,/health/why-axolotl-floating,/health/shrinking-gills,Shared attribute behavior/gill-state across 5 diagnostic pages (page-roles.csv primary_attribute=behavior or gill*),"Explicit role headers (normal repertoire vs first-response vs single-sign deep-dive) + full cross-link lattice between the five",Eliminates the one potential cannibalization cluster
G1-03,P1,RELATIONSHIP-GAP,health,/health/curled-gills-stress-signal,/health/shrinking-gills,/health/stress-signs,/biology-and-science/anatomy-gills-and-lungs,/cost-and-buying/how-to-choose-a-healthy-axolotl,Healthy-gill reference fragmented across anatomy/health/buying silos,Reciprocal linking into one gill-state workspace (no new page),Single lookup path for gill health
G1-04,P1,RELATIONSHIP-GAP,breeding,/care-basics/axolotl-age-and-size-chart,/breeding/raising-juveniles,/diet/blackworms-for-juveniles,/diet/feeding-schedule-by-age,Juvenile path present only in fragments (phase7 secondary signals not all realized),"Add age-and-size-chart -> raising-juveniles; raising-juveniles -> feeding-schedule-by-age; feeding-schedule-by-age -> blackworms-for-juveniles",Explicit lifecycle ladder care->breeding->diet
G1-05,P1,UNREALIZED-PLAN,legal,/legal,*,cluster-matrix legal column inbound=0 external; phase7 secondary map promised links from care/buying/breeding not executed,Add contextual legal links at planning moment: are-axolotls-good-beginner-pets, cost-and-buying/*, shipping-live-axolotls, breeding/* ,Legal gains real content authority instead of nav-only
G1-06,P1,RELATIONSHIP-GAP,biology-and-science,/biology-and-science/neoteny,/biology-and-science/lifespan-wild-vs-captivity,/biology-and-science/regeneration-and-limb-regrowth,->,,cluster-matrix biology->breeding = 0,Add neoteny->breeding-triggers-temperature-cycling and regeneration->egg-and-larvae-care/raising-juveniles,Science ring connects to breeding utility
G2-01,P2,THIN,morphs,/morphs/morphs-comparison-chart,466w (thin list),Promote to mini-hub inside morphs (add genetics/price/identification columns) ,Stronger morph disambiguation surface
G2-02,P2,THIN,P2-misc,/tank-setup/tank-mates,(601w),/tank-setup/acclimating-a-new-axolotl,(639w),/tank-setup/tank-size-by-age,(500w),thin but adequately integrated,Optional 100-200w depth on each,,
G2-03,P2,RELATIONSHIP-GAP,morphs,/morphs/pigment-cells,588w in=4; morph pages do not link mechanism node,Add 1-2 links from leucistic/golden-albino/blue-and-pink-myth to pigment-cells,Mechanism-underlies-color authority
G2-04,P2,FAQ-GAP,breeding,/breeding/color-genetics-punnett-squares,in=9, faq=0,Add 4-6 Punnett-related FAQ entries,,
G2-05,P2,FAQ-GAP,diet,/diet/best-foods-list,in=8, faq=0,Add 4-6 food-type FAQ entries,Matches PAA demand on CORE reference
CAN-01,P1,CANNIBALIZATION-POTENTIAL,health,behavior/stress/gill-signal group (5 pages),shared attribute; overlapping evidence lists,Scope per §9 + cross-links,,
CAN-02,P0,CANNIBALIZATION-OK,multiple,size/growth trio; food pages; morph pages; legal state pages; refusal-vs-fasting,role/intent distinct (page-roles.csv),No change; add directional links only,,