url,cluster,tier,title,meta,headings,faq_count,words,inbound,outbound
/axolotl-in-culture,axolotl-in-culture,1,"Axolotls in Pop Culture: Minecraft, Memes & More","Why axolotls are everywhere - Minecraft axolotls, Adopt Me pets, memes, pop culture, and why this endangered salamander ",All Culture Guides | Related Topics | Care | Explore | Tools |   Axolotl in Adopt Me: How to Get One |   Axolotl in Pop Culture and Memes |   Minecraft Axolotls: Complete Guide,0,,0,4
/axolotls,axolotls,1,Axolotls: Complete Care & Biology Guide (2026),"Everything about axolotls - care, diet, legality, morphs, breeding, and the science behind their regeneration. Start her","All Care Guides | Related Topics | Care | Explore | Tools |   Axolotl Care Guide: Tank Setup, Water Parameters, Diet & Health",0,,0,1
/biology-and-science,biology-and-science,1,"Axolotl Biology: Anatomy, Neoteny & Regeneration Science","The fascinating biology of axolotls - how they breathe, neoteny, regeneration, their endangered wild status in Xochimilc",All Biology Guides | Related Topics | Care | Explore | Tools |   Axolotl Anatomy: Gills and Lungs |   Axolotl vs Tiger Salamander |   Axolotl Conservation Status,0,,0,8
/breeding,breeding,1,How to Breed Axolotls: Complete Breeding Guide (2026),"How to breed axolotls successfully - conditioning, courtship, egg care, raising larvae, and the genetics and ethics ever",All Breeding Guides | Related Topics | Care | Explore | Tools |   Axolotl Egg and Larvae Care: A Complete Guide |   Axolotl Genetics and Inbreeding Risk |   Breeding Triggers: Temperature Cycling for Axolotls,0,,0,6
/breeding/color-genetics-punnett-squares,breeding,1,Axolotl Color Genetics: Punnett Squares Explained,"How axolotl color genetics work. The four pigment genes, how Punnett squares predict offspring, and worked crosses for m",How Do Axolotl Color Genes Work? | How Do You Read an Axolotl Punnett Square? | What Does a Melanoid Cross Produce? | What Does an Albino Cross Produce? | How Do You Combine Two Genes? | What Genotype Produces Each Morph? | Frequently Asked Questions | Related guides,0,852,9,3
/care-basics,care-basics,1,"Axolotl Care Basics: Facts, Behavior & Beginner Tips","Axolotl care basics for beginners - fun facts, how to pronounce the name, behavior, handling, keeping multiple axolotls,",All Care Basics Guides | Related Topics | Care | Explore | Tools |   Are Axolotls Good Pets for Beginners? |   Axolotl Age and Size Chart |   Amazing Axolotl Facts,0,,0,10
/cost-and-buying,cost-and-buying,1,"Axolotl Cost: Price, Monthly Budget & Where to Buy (2026)","How much does an axolotl cost? Complete price breakdown - purchase price by morph, setup costs, monthly food and water b",All Cost & Buying Guides | Related Topics | Care | Explore | Tools |   Axolotl Price by Morph |   Axolotl Breeder vs Pet Store |   How to Choose a Reputable Axolotl Breeder,0,,0,6
/diet,diet,1,Axolotl Food: What to Feed & How Often,"A complete axolotl feeding guide covering safe foods, schedules by age, portions, and how to avoid overfeeding and impac",All Diet Guides | Related Topics | Care | Explore | Tools |   What Do Axolotls Eat? The Complete Diet Guide |   Axolotl Feeding Frequency by Life Stage and Size |   Best Axolotl Pellets and Commercial Foods,0,,0,12
/diet/feeding-schedule-by-age,diet,1,Axolotl Feeding Frequency by Life Stage… | Axolotl Care Guide,Axolotl Feeding Frequency by Life Stage and Size,"How Often Should You Feed an Axolotl? | Why Does Feeding Frequency Change as an Axolotl Grows? | Axolotl Feeding Schedule by Life Stage and Size | How Much Should an Axolotl Eat at Each Meal? | What Should You Feed an Axolotl, and How Often? | What Are the Signs of Overfeeding or Underfeeding an Axolotl? | How Long Can an Axolotl Go Without Food? | Does Water Temperature Affect Feeding Frequency?",10,1781,11,3
/gifts-and-merch,gifts-and-merch,1,"Axolotl Toy & Gifts: Plushies, Squishmallows, Apparel & More","The best axolotl gifts and merchandise for axolotl lovers - axolotl toys, plushies, mugs, apparel, decor, and stocking-s",All Gifts & Merch Guides | Related Topics | Care | Explore | Tools |   The Best Axolotl Toys and Plushies |   The Complete Axolotl Squishmallow Guide |   The Build-A-Bear Axolotl Guide,0,,0,4
/health,health,1,Axolotl Health Problems: Symptoms & Treatment,"Recognize the signs of a sick axolotl and learn how to treat the most common health problems - fungus, parasites, malnut","All Health Guides | Related Topics | Care | Explore | Tools |   Why Is My Axolotl Refusing to Eat? 12 Causes, Timeline and When to Worry |   Signs of Malnutrition in Axolotls |   Treating Axolotl Parasites",0,,0,18
/health/fungal-infections-saprolegnia,health,1,How to Identify and Treat Axolotl Fungus | Axolotl Care Guide,Axolotl fungus is a Saprolegnia infection — a freshwater oomycete that colonizes damaged or stressed tissue and grows in,What is axolotl fungus? | What does axolotl fungus look like? | White cotton growth on skin | Gill fungus | How to tell it apart from healthy slime coat | Behavioral symptoms | What causes axolotl fungus? | Water temperature above 22°C,4,1791,10,4
/health/refusing-to-eat,health,1,Why Is My Axolotl Refusing to Eat? 12… | Axolotl Care Guide,"Why Is My Axolotl Refusing to Eat? 12 Causes, Timeline and When to Worry",How Long Can an Axolotl Safely Go Without Eating? | Adult axolotl fasting window | Juvenile axolotl fasting window | When fasting crosses into a vet emergency | Normal fasting vs. abnormal appetite loss | Why Appetite Loss Happens: How Stress Affects an Axolotl's Feeding Response | How stress suppresses feeding drive | How prolonged appetite loss affects immune function and recovery,17,3364,11,2
/legal,legal,1,Is It Legal to Own an Axolotl? Laws by State & Country (2026),"Where are axolotls legal to own? State-by-state and country-by-country rules on keeping an axolotl, including permit req",All Legal Guides | Related Topics | Care | Explore | Tools |   Are Axolotls Legal in California? |   Are Axolotls Legal in Canada? |   Are Axolotls Legal in Hawaii?,0,,0,7
/morphs,morphs,1,"Axolotl Morphs: Colors, Types & Genetics Explained","Every axolotl morph explained - leucistic, golden albino, melanoid, wild type, copper, GFP, and more - with photos, rari","All Morphs Guides | Related Topics | Care | Explore | Tools |   Wild Type Axolotl: The Natural Color |   Chimera Axolotl: The Rarest Morph of All |   Leucistic Axolotl: The ""Lucy"" Morph",0,,0,13
/morphs/leucistic,morphs,1,"Leucistic Axolotl: Color, Genetics & How to Spot a Dirty Lucy","The leucistic axolotl is a pale pink-white morph with dark eyes and bright gills. Learn its genetics, what a dirty lucy ",What Is a Leucistic Axolotl? | How Is a Leucistic Different from an Albino? | What Is a Dirty Lucy Axolotl? | How Do Leucistic Axolotl Crosses Come Out? | Do Leucistic Axolotls Need Different Care? | Frequently Asked Questions | Related guides | Care,4,611,10,6
/morphs/wild-type,morphs,1,"Wild Type Axolotl: Color, Genetics & How to Identify One","The wild type axolotl is the natural dark-brown and olive form with speckled iridescence. Learn its genetics, how to tel",What Is a Wild Type Axolotl? | What Color Is a Wild Type Axolotl? | How Does a Wild Type Compare to Other Morphs? | What Is the Wild Type Axolotl Genotype? | How Do You Tell a Wild Type from a Melanoid? | Are Wild Type Axolotls Good Pets? | How Does a Wild Type Change with Age? | Frequently Asked Questions,0,881,9,4
/tank-setup,tank-setup,1,"Axolotl Tank Setup Guide: Size, Filter, Substrate, Water","Learn how to set up an axolotl tank correctly the first time - size, temperature, filtration, substrate, lighting, and p",All Tank Setup Guides | Related Topics | Care | Explore | Tools |   How to Set Up an Axolotl Tank the Right Way |   Best Aquarium Chillers for Axolotls |   Choosing the Best Axolotl Substrate,0,,0,17
/tank-setup/setup-guide,tank-setup,1,How to Set Up an Axolotl Tank the Right… | Axolotl Care Guide,How to Set Up an Axolotl Tank the Right Way,What tank size does an axolotl actually need? | Where should you place an axolotl tank? | What filter does an axolotl tank need? | How do you cool an axolotl tank? | What substrate is safe for an axolotl tank? | What hides and decor are safe for an axolotl tank? | Does an axolotl tank need a lid? | How do you cycle an axolotl tank before adding the animal?,5,2869,9,4
/tank-setup/water-parameters-cycling,tank-setup,1,Managing Ammonia and Nitrate Spikes in… | Axolotl Care Guide,"Managing Ammonia and Nitrate Spikes in Axolotl Tanks: What They Are, Why They Happen, and How to Fix Them",Why Water Quality Determines Axolotl Survival | The Nitrogen Cycle in an Axolotl Tank | What Is the Nitrogen Cycle and Why Does It Matter? | How Do Beneficial Bacteria Keep an Axolotl Tank Stable? | How Does Temperature Influence the Nitrogen Cycle? | What Common Mistakes Crash the Nitrogen Cycle? | Water Chemistry | What Are Safe Water Parameters for Axolotls?,6,5305,16,2
/tools,tools,1,Axolotl Tools & Calculators,"Free axolotl calculators: tank size, water conditioner dose, feeding schedule, nitrogen cycle tracker, symptom checker.",All axolotl tools | Start with the knowledge behind these tools | Care | Explore | Tools |   Axolotl Water Conditioner Dosage Calculator |   Axolotl Feeding Schedule Generator |   Axolotl Nitrogen Cycle Tracker,0,,0,4
/axolotl-in-culture/minecraft-axolotls-guide,axolotl-in-culture,2,"Minecraft Axolotls: Spawning, Colors & How to Catch Them","Everything about Minecraft axolotls - where they spawn, all 5 color variants, how to catch them in a bucket, and what th",Where do axolotls spawn in Minecraft? | What are the 5 axolotl colors in Minecraft? | How do I catch an axolotl in Minecraft? | Why are Minecraft axolotls worth having? | Frequently Asked Questions | Related guides | Care | Explore,3,462,5,3
/axolotl-in-culture/why-axolotls-are-suddenly-popular,axolotl-in-culture,2,Why Are Axolotls So Popular? The Rise of a Cute Endangered Amphibian,"Why axolotls became so popular - Minecraft, the cute-factor, regeneration science, and their endangered status - explain",Why did axolotls suddenly become so popular? | How big was the Minecraft effect? | What makes an axolotl's face so popular online? | How did regeneration science keep them famous? | Does being endangered make people care more? | Frequently Asked Questions | Related guides | Care,3,564,4,4
/axolotls/care-guide,axolotls,2,"Axolotl Care Guide: Tank Setup, Water… | Axolotl Care Guide",That permanent smile and feathery gill-crown make axolotls easy to fall for. But axolotls are not low-maintenance pets —,Quick Axolotl Care Overview | What Exactly Is an Axolotl? | Is an Axolotl Right for You? | Tank Setup & Habitat | Filtration | Why the Nitrogen Cycle Matters So Much | Water Parameters & Temperature | Water Changes & Conditioners,7,3060,7,4
/biology-and-science/anatomy-gills-and-lungs,biology-and-science,2,Do Axolotls Have Lungs? Anatomy of Gills & Breathing,"Axolotls have both external gills and lungs. They breathe mostly through their feathery gills, but also gulp air at the ",Do axolotls have lungs? | How do axolotls breathe? | How many gills does an axolotl have? | Why are axolotl gills so large? | Why does my axolotl go to the surface for air? | Can axolotls breathe out of water? | What do healthy axolotl gills look like? | What is buccal pumping?,0,627,6,6
/biology-and-science/conservation-status,biology-and-science,2,"Axolotl Conservation Status: Critically Endangered, Explained","The wild axolotl is Critically Endangered, with about 50-1,000 adults left in Xochimilco near Mexico City. Here is the f",Is the axolotl endangered? | How many axolotls are left in the wild? | What is the axolotl's official conservation status? | Where do wild axolotls live? | Why is the axolotl endangered? | Are pet axolotls endangered? | What is being done to save the wild axolotl? | Is wild extinction the end of the species?,0,743,5,4
/biology-and-science/is-axolotl-amphibian,biology-and-science,2,Is an Axolotl an Amphibian? Yes - Here's Why,"Yes, an axolotl is an amphibian - a salamander that stays aquatic for life. Here is the classification, how it differs f",Is an axolotl an amphibian? | Which class do axolotls belong to? | Are axolotls fish? | Are axolotls reptiles? | Why does an axolotl stay in the water? | What does amphibian biology mean for axolotl care? | Is an axolotl a salamander? | Why is my axolotl always in the water?,0,614,4,2
/biology-and-science/neoteny,biology-and-science,2,What Is Neoteny? Why Axolotls Never Grow Up,"Neoteny is when an animal keeps its juvenile, larval features into adulthood. The axolotl is the classic example - a sal",What is neoteny? | How is neoteny different from metamorphosis? | What causes neoteny in axolotls? | Is neoteny an advantage? | Can an axolotl be forced to metamorphose? | What is neoteny in simple terms? | Do axolotls reach full adult size? | Why do axolotls stay babies?,0,495,6,2
/biology-and-science/regeneration-and-limb-regrowth,biology-and-science,2,Axolotl Regeneration: How They Regrow Limbs & Body Parts,"Axolotls regrow limbs, tails, hearts, spinal cords, and parts of their brains, without scarring. Here is the science exp",Can axolotls regrow limbs? | What body parts can axolotls regrow? | How does axolotl regeneration work? | How long does regeneration take? | Is axolotl regeneration unlimited? | Why do scientists study axolotl regeneration? | Can my pet axolotl regrow a lost limb? | How many times can an axolotl regrow a limb?,0,629,4,4
/biology-and-science/wild-habitat-xochimilco,biology-and-science,2,"Axolotl Habitat: Life in Xochimilco, Mexico City","The axolotl's only wild home is Xochimilco, a network of canals and chinampas south of Mexico City. Here is what that ha",Where do wild axolotls live? | What does Xochimilco look like? | Why does this habitat suit axolotls? | What threatens the wild axolotl? | How many wild axolotls are left? | What is being done to save the habitat? | Where do axolotls live in the wild? | What is the axolotl's natural habitat?,0,627,4,2
/breeding/breeding-triggers-temperature-cycling,breeding,2,How to Trigger Axolotl Breeding: Temperature & Light Cycling,"How to trigger axolotl breeding with temperature and light cycling. Exact temperatures, timings, and the courtship-to-eg",How Do You Trigger Axolotl Breeding? | What Temperature Triggers Axolotl Breeding? | What Happens During Axolotl Courtship? | How Many Eggs Will an Axolotl Lay? | When Is the Axolotl Breeding Season? | How Do You Know When Axolotls Are Ready to Breed? | Frequently Asked Questions | Related guides,0,800,4,2
/breeding/egg-and-larvae-care,breeding,2,"Axolotl Egg Care: Hatching Time, Setup & Feeding Larvae","How to care for axolotl eggs from laying to hatch. Exact hatching times by temperature, setup steps, and what to feed ne",How Long Do Axolotl Eggs Take to Hatch? | How Many Eggs Does an Axolotl Lay? | How Do You Set Up a Tank for Axolotl Eggs? | Do Axolotl Eggs Need Special Water? | How Do You Prevent Fungus on Axolotl Eggs? | What Do You Do When Axolotl Eggs Hatch? | How Do You Feed and Raise Axolotl Larvae? | Frequently Asked Questions,0,836,6,4
/breeding/raising-juveniles,breeding,2,"Raising Baby Axolotls: Feeding, Growth & Rehoming Juveniles","How to raise axolotl larvae and juveniles from hatchling to adult. First foods, feeding schedules, growth milestones, si",What Do Newly Hatched Axolotls Eat? | How Often Do You Feed Baby Axolotls? | When Do Baby Axolotls Develop Legs? | Why Are Baby Axolotls Biting Each Other? | How Do You Cull Deformed Axolotl Larvae? | When Do You Rehome Baby Axolotls? | Frequently Asked Questions | Related guides,0,832,6,4
/care-basics/are-axolotls-good-beginner-pets,care-basics,2,Are Axolotls Good Pets for Beginners? Honest Pros & Cons,"Yes, axolotls work for a beginner who cycles a tank and keeps water at 60-64 F, but they are not low-maintenance. Here a",Are axolotls good pets for beginners? | What makes axolotls good for beginners? | What makes axolotls hard to keep? | How much does an axolotl setup cost? | What tank does a beginner need for an axolotl? | Do axolotls need a heater? | How long do axolotls live? | What do axolotls eat?,4,1028,5,4
/care-basics/axolotl-facts,care-basics,2,Axolotl Facts: 25 Amazing Things You Need to Know (2026),"Amazing axolotl facts: regeneration, neoteny, the walking-fish nickname, and critically endangered status. Here are 25 s",What is an axolotl? | Why are axolotls famous? | What is neoteny? | Where do axolotls live? | How many axolotls are left in the wild? | Are axolotls endangered? | How long do axolotls live? | What do axolotls eat?,4,1047,4,3
/cost-and-buying/axolotl-price-by-morph,cost-and-buying,2,Axolotl Price by Morph: Cost Guide for Every Color (2026),How much does an axolotl cost by morph? Full 2026 price guide - wild type to chimera - plus what affects price and where,How much does an axolotl cost by morph? | Why do some morphs cost more than others? | What is the cheapest axolotl morph? | Are cheap axolotls a good deal? | What does an axolotl really cost to set up? | How do I find a fair price? | Why are axolotls so expensive? | How much does a rare morph cost?,0,544,6,3
/cost-and-buying/breeder-vs-pet-store,cost-and-buying,2,Axolotl Breeder vs Pet Store: Where to Buy (2026),"Should you buy an axolotl from a breeder or a pet store? Compare price, health, support, and risk to choose the best sou",Is a breeder better than a pet store? | Why are breeders usually healthier? | When does a pet store make sense? | Does it cost more to buy from a breeder? | What do you ask any seller? | Is it cheaper to buy from a breeder or a pet store? | Do pet stores sell healthy axolotls? | Can I buy an axolotl online?,0,502,4,2
/cost-and-buying/choosing-a-reputable-breeder,cost-and-buying,2,How to Choose an Axolotl Breeder: 12 Questions to Ask,"How to choose a reputable axolotl breeder - the questions to ask, red flags to avoid, and how to verify you are buying a",How do I choose a reputable axolotl breeder? | Frequently Asked Questions | Related guides | Care | Explore | Tools,8,670,4,2
/cost-and-buying/how-to-choose-a-healthy-axolotl,cost-and-buying,2,How to Choose a Healthy Axolotl: Signs to Check Before Buying,"How to choose a healthy axolotl - the 8 checks to run before you buy, from gills to belly to behavior, so you never take",How do I check an axolotl before buying it? | What do healthy axolotl gills look like? | How do I check an axolotl's skin and belly? | How should a healthy axolotl move? | Why should I ask to see an axolotl eat? | Frequently Asked Questions | Related guides | Care,2,549,4,2
/diet/best-foods-list,diet,2,What Do Axolotls Eat? The Complete Diet… | Axolotl Care Guide,What Do Axolotls Eat? The Complete Diet Guide,What Do Axolotls Eat? | What Do Axolotls Eat in the Wild? | What Are an Axolotl's Nutritional Requirements? | What Foods Should Axolotls Avoid? | Live Food vs. Frozen Food vs. Pellets: Which Is Best? | How Should You Prepare Axolotl Food? | What Are Safe Feeding Practices for Axolotls? | How Does Diet Affect an Axolotl's Digestion?,0,3041,7,4
/diet/feeder-fish-risks,diet,2,The Risks of Feeding Feeder Fish to… | Axolotl Care Guide,The Risks of Feeding Feeder Fish to Axolotls (and the Safe Protocol If You Do),Why Are Feeder Fish Risky for Axolotls? | The Four Core Risk Categories at a Glance | Why the Short AI-Generated Answer Isn't the Full Picture | Disease and Parasite Risks From Feeder Fish | Parasites Feeder Fish Commonly Carry | Bacterial and Fungal Pathogens Feeder Fish Introduce | How Infection Symptoms Progress in Axolotls | Thiaminase and Vitamin B1 Deficiency,13,3702,5,2
/diet/live-vs-frozen-food,diet,2,Earthworms vs. Bloodworms: Which Is… | Axolotl Care Guide,Earthworms vs. Bloodworms: Which Is Better for Axolotls?,Are Earthworms and Bloodworms the Same Worm? | Earthworms vs. Bloodworms: The Quick Verdict | What Is the Nutritional Difference Between Earthworms and Bloodworms? | Are Earthworms More Digestible Than Bloodworms? | Which Worm Supports Better Axolotl Growth and Health? | How Do Earthworms and Bloodworms Affect Water Quality? | Are Earthworms or Bloodworms Safer From Parasites and Contaminants? | Which Is Cheaper: Earthworms or Bloodworms?,8,2493,5,3
/diet/overfeeding-and-impaction,diet,2,"Axolotl Obesity: Signs, Causes… | Axolotl Care Guide","Axolotl Obesity: Signs, Causes, Treatment, Recovery, and Prevention",Is Your Axolotl Actually Overweight? | Body Condition Score (BCS) | Signs of an Overweight Axolotl | What Can Be Mistaken for Obesity? | What Causes Axolotl Obesity? | Feeding Adults Too Frequently | Portions That Are Too Large | High-Fat Foods and Poor Diet Balance,10,2891,6,3
/gifts-and-merch/axolotl-squishmallow-guide,gifts-and-merch,2,"Every Axolotl Squishmallow: Archie, Sizes & How to Buy","Axolotl Squishmallows are some of the most collected plush in the world. Find every named axolotl, which sizes exist, wh",Are There Real Axolotl Squishmallows? | What Is the Rarest Axolotl Squishmallow? | What Sizes Do Axolotl Squishmallows Come In? | What Are the Names of Axolotl Squishmallows? | How Much Does an Axolotl Squishmallow Cost? | How Do You Tell a Real Axolotl Squishmallow from a Fake? | How Do You Buy Axolotl Squishmallows Without Overpaying? | How Big Is the Axolotl Squishmallow?,0,807,4,2
/gifts-and-merch/best-axolotl-toys-and-plushies,gifts-and-merch,2,Best Axolotl Toys & Plushies: Stuffed Animals & More (2026),"The best axolotl toys and plushies on the market - soft squishmallows, reversible plush, interactive toys, fidgets, and ",Which Axolotl Toy Is the Best Overall? | What Makes a Good Axolotl Toy? | What Is the Most Popular Axolotl Toy? | What Is the Best Axolotl Plush for Bedtime? | What Is the Best Interactive Axolotl Toy for Toddlers? | What Is the Best Reversible Axolotl Plush? | What Is the Best Axolotl Toy for Minecraft Fans? | What Is the Best Axolotl Fidget Toy?,0,979,5,3
/health/black-tea-bath,health,2,Black Tea Bath for Axolotls… | Axolotl Care Guide,Black Tea Bath for Axolotls: Complete Step-by-Step Treatment Guide,What Is a Black Tea Bath? | When Does an Axolotl Need a Tea Bath? | Signs of fungal infection | Minor injuries | Slime coat damage | Why Does Black Tea Help Axolotls? | What are tannins? | How tannins affect fungus,11,2657,4,2
/health/curled-gills-stress-signal,health,2,Curled Axolotl Gills & Tail Tip: Stress Signals & Fixes,Curled or forward-pointing gills and a curled tail tip are the clearest stress signals an axolotl shows. Learn what caus,Do Axolotls Curl Their Gills? | How Do You Fix Curled Gills and Tail Tips? | Frequently Asked Questions | Related guides | Care | Explore | Tools |   What Causes Gills to Curl Forward?,5,1061,5,5
/health/fridging-sick-axolotl,health,2,When and How to Fridge a Sick Axolotl | Axolotl Care Guide,When and How to Fridge a Sick Axolotl: Safe Step-by-Step Guide (Part 1),When and How to Fridge a Sick Axolotl | What Does Fridging an Axolotl Mean? | How the Cold Slows an Axolotl's Metabolism | Fridging vs. Standard Tubbing | When to Fridge a Sick Axolotl | Severe Impaction or Constipation | Extreme Tank Heat | Veterinarian-Directed Infection Management,10,2989,4,2
/health/malnutrition-signs,health,2,Signs of Malnutrition in Axolotls | Axolotl Care Guide,Signs of Malnutrition in Axolotls: What to Look For,What Is Malnutrition in Axolotls? | How Do You Diagnose Malnutrition in an Axolotl? | What Are the Physical Signs of a Malnourished Axolotl? | Healthy vs. Malnourished Axolotl: Quick Comparison | Body Condition Scoring Chart | What Are the Behavioral Signs of Axolotl Malnutrition? | Could It Be Something Other Than Malnutrition? | What Causes Malnutrition in Axolotls?,7,1923,4,3
/health/quarantine-tub,health,2,Axolotl Hospital Quarantine Tub: Setup & Care,"A plastic tub is the most effective 'hospital' for a sick or new axolotl. Here's the complete shopping list, step-by-ste",When Do You Need a Quarantine Tub? | What Do You Need for a Quarantine Tub? | How Do You Set Up a Quarantine Tub? | What Is the Daily Care Routine? | Frequently Asked Questions | Related guides | Care | Explore,5,1024,5,3
/health/stress-signs,health,2,"Axolotl Stress Signs: Curled Gills, Floating & How to Fix It","How to recognize a stressed axolotl - curled gills, tail curling, floating, and refusing food - and what to do about eac",What are the signs of a stressed axolotl? | What does each stress sign look like? | Do curled gills mean stress? | Is floating always a stress sign? | What causes axolotl stress? | How do I fix a stressed axolotl? | How long does a stressed axolotl take to recover? | Related guides,0,596,4,4
/health/why-axolotl-floating,health,2,Why Is My Axolotl Floating? Causes and… | Axolotl Care Guide,"Why Is My Axolotl Floating? Causes, Treatments, and When to Worry",Is It Normal for an Axolotl to Float? | What Does Your Axolotl's Floating Position Mean? | Tail or Back End Floating | Floating at the Surface | Floating Sideways | Floating Upside Down | The Most Common Causes of Axolotl Floating | 15–18°C (59–64°F),7,1588,4,2
/legal/california,legal,2,Are Axolotls Legal in California? Laws & Permits (2026),"No. Axolotls are a restricted species in California, and CDFW does not issue permits for pets. Here is the law, who qual",Is It Legal to Own an Axolotl in California? | Why Are Axolotls Restricted in California? | Who Can Get a Restricted Species Permit in California? | Does Federal Law Also Restrict Axolotls? | What Happens If You Keep an Axolotl Without a Permit in California? | Can I Buy an Axolotl and Keep It If It Was Already in California? | Is It Illegal to Bring an Axolotl into California from Another State? | Are Axolotls Illegal in Los Angeles or San Francisco?,0,726,7,4
/legal/canada,legal,2,Are Axolotls Legal in Canada? Import Rules by Province (2026),"Axolotls are legal to own in most of Canada, but importing one requires a federal permit, and 4 provinces need additiona",Is It Legal to Own an Axolotl in Canada? | What Is the Federal Import Rule for Axolotls in Canada? | Which Provinces Require a Permit to Own an Axolotl? | Why Do Some Provinces Require Permits? | Is It Legal to Own an Axolotl in Quebec? | Can I Bring an Axolotl into Canada from the United States? | Can I Sell an Axolotl I Bred in Canada? | Does Canada Ban Axolotls Because of the Fungus Risk?,0,652,5,4
/legal/maine,legal,2,Are Axolotls Legal in Maine? Permit Rules Explained (2026),"Axolotls are legal in Maine with a permit. Maine lists Ambystoma mexicanum as a Category 2 Restricted Species, requiring",Is It Legal to Own an Axolotl in Maine? | What Permits Do You Need for an Axolotl in Maine? | Who Qualifies for a Maine Category 2 Permit? | What Happens If You Keep an Axolotl Without a Permit in Maine? | Can I Buy an Axolotl from a Maine Pet Store? | Does Federal Law Affect Axolotls in Maine? | How Long Is a Maine Category 2 Possession Permit Valid? | Can I Import an Axolotl into Maine from Another State?,0,598,5,4
/legal/virginia,legal,2,Are Axolotls Legal in Virginia? Laws Explained (2026),"Yes, axolotls are legal in Virginia. Since August 1, 2021, importing, selling, and possessing Ambystoma mexicanum is leg",Are axolotls legal in Virginia? | When did axolotls become legal in Virginia? | What does Virginia law say about axolotls? | What is 4VAC15-30-40? | Do I need a permit to own an axolotl in Virginia? | Is it legal to breed and sell axolotls in Virginia? | Does federal law affect axolotls in Virginia? | Is it legal to release an axolotl in Virginia?,5,927,6,4
/morphs/chimera,morphs,2,"Chimera Axolotl: The Rarest Morph, Explained","A chimera axolotl is two fused embryos in one body, not a genetic morph. Learn how chimerism happens, why it cannot be b",What Is a Chimera Axolotl? | How Rare Is a Chimera Axolotl? | How Much Does a Chimera Axolotl Cost? | Is a Chimera a Real Morph? | Are Chimeras and Mosaics the Same? | Can You Breed Chimera Axolotls? | What Is a Firefly Axolotl? | Frequently Asked Questions,0,818,6,4
/morphs/pigment-cells,morphs,2,"Axolotl Pigment Cells: Chromatophores, Melanophores & More","Axolotl color comes from three pigment cell types: melanophores, xanthophores, and iridophores. Learn what each cell doe",What Are the Three Axolotl Pigment Cells? | How Do Morphs Change the Pigment Cells? | What Is an Axanthic Axolotl? | Where Do Pigment Cells Come From? | Do Pigment Cells Affect Axolotl Health? | Frequently Asked Questions | Related guides | Care,4,588,4,4
/tank-setup/aquarium-chillers,tank-setup,2,Best Aquarium Chillers for Axolotls | Axolotl Care Guide,"Axolotls require water between 60–68°F (15–20°C) to survive long-term, and most US homes maintain ambient temperatures o","Why does an axolotl need a chiller? | What type of chiller works for an axolotl tank? | Which compressor chiller is best for a 20–40 gallon axolotl tank? | Is a budget chiller sufficient for an axolotl tank? | How do you size an aquarium chiller for an axolotl tank? | US Regional Chiller Requirement Heat-Map | Do you actually need a chiller, or will a cooling fan work? | What do you do if your axolotl tank overheats before a chiller arrives?",4,2699,5,2
/tank-setup/filtration-for-axolotls,tank-setup,2,Best Filter for Axolotl Tanks: Types… | Axolotl Care Guide,"Best Filter for Axolotl Tanks: Types, Sizing & Top Picks",Do Axolotls Need a Filter? | How Do Axolotl Biology and Water Chemistry Drive Filter Requirements? | What Happens to Axolotl Gills When Flow Rate Is Too High? | Why Do Axolotls Produce More Waste Than Fish? | What Flow Rate Is Safe for Axolotls? | Which Filter Type Is Best for Axolotls? | When Should You Choose a Canister Filter? | When Should You Choose a Sponge Filter?,6,4274,4,2
/tank-setup/lighting-for-axolotls,tank-setup,2,Axolotl Tank Lighting Requirements | Axolotl Care Guide,"Axolotl tanks require low-intensity, indirect lighting — between 100 and 400 lux during the day and 0 to 50 lux at night",Do Axolotls Need Artificial Light? | Why Are Axolotls Sensitive to Light? | What Were Natural Light Conditions in Lake Xochimilco? | How Does Eye Anatomy Explain Photophobia? | How Does Light Intensity Affect Axolotl Hormones and Feeding? | What Are the Five Variables That Control Light Quality? | What Type of Aquarium Light Works Best for Axolotls? | Why Are LED Fixtures Recommended for Axolotls?,9,4075,4,2
/tank-setup/substrate-and-impaction,tank-setup,2,Choosing the Best Axolotl Substrate | Axolotl Care Guide,Fine sand with a grain diameter under 1 mm is the best substrate for adult axolotls over 15 cm (6 inches) in length. It ,Why Does Substrate Matter for Axolotls? | What Substrate Do Axolotls Use in the Wild? | How Do Axolotls Interact With Their Substrate? | What Makes a Safe Axolotl Substrate? | Is Fine Sand the Best Substrate for Axolotls? | What Grain Size Is Safe for Axolotls? | Which Sand Products Are Safe for Axolotls? | Is Black Sand Safe for Axolotls?,9,4029,5,2
/tank-setup/tank-size-by-age,tank-setup,2,Axolotl Tank Size by Age: How Big of a Tank Do You Need?,"The right axolotl tank size for every age - baby, juvenile, adult, and pairs - plus why floor space matters more than ga",How many gallons does an axolotl need by age? | Why does floor space matter more than gallons? | What is the minimum tank for a single adult axolotl? | What tank size do two axolotls need? | What tank size do baby axolotls need? | When should I upgrade my axolotl's tank? | Related guides | Care,0,517,4,4
/tank-setup/temperature,tank-setup,2,How to Keep an Axolotl Tank Cool | Axolotl Care Guide,"How to Keep an Axolotl Tank Cool: Safe Temperatures, Cooling Methods & Summer Care",What Temperature Does an Axolotl Tank Need to Be? | What Is the Ideal Axolotl Water Temperature? | What Is the Safe Temperature Range for Axolotls? | At What Temperature Does Heat Stress Begin? | How Much Can Tank Temperature Fluctuate Each Day? | Why Does Cool Water Keep Axolotls Alive? | How Does Warm Water Affect an Axolotl's Metabolism? | Does High Temperature Reduce Oxygen in the Tank?,10,5826,5,2
/tank-setup/water-conditioners,tank-setup,2,Axolotl Water Conditioner: Creating Safe… | Axolotl Care Guide,An axolotl water conditioner is a liquid or powder treatment that removes chlorine and chloramine from tap water and det,What Is an Axolotl Water Conditioner? | Why Do Axolotls Need Conditioned Water? | What Chemicals in Tap Water Are Dangerous to Axolotls? | How Do Water Conditioners Work? | What Are the Required Features of a Safe Axolotl Water Conditioner? | Which Ingredients in Water Conditioners Are Unsafe for Axolotls? | Is Aloe Vera Safe for Axolotls? | Is Iodine Safe for Axolotls?,6,4434,4,5
/axolotl-in-culture/adopt-me-axolotl-guide,axolotl-in-culture,3,Axolotl in Adopt Me: How to Get One & All Colors (2026),"How to get an axolotl in Adopt Me - hatching, trading, every color variant, and how the virtual axolotl compares to owni",What is the Adopt Me axolotl? | How do I get an axolotl in Adopt Me? | What colors can the Adopt Me axolotl be? | How does the Adopt Me axolotl compare to a real axolotl? | Frequently Asked Questions | Related guides | Care | Explore,3,517,2,3
/axolotl-in-culture/axolotl-in-pop-culture-and-memes,axolotl-in-culture,3,"Axolotl in Pop Culture: Memes, Games, TV & Why They're Famous","Why axolotls are everywhere - Minecraft, memes, TV, and merch. A look at how a critically endangered salamander became a",Where have I seen axolotls in pop culture? | How did Minecraft make axolotls famous? | Why are axolotls naturally meme-friendly? | Where do axolotls appear beyond games and memes? | Frequently Asked Questions | Related guides | Care | Explore,3,439,2,3
/biology-and-science/axolotl-vs-tiger-salamander,biology-and-science,3,Axolotl vs Tiger Salamander: Key Differences Explained,"Axolotls and tiger salamanders are close relatives, but one stays aquatic for life and the other becomes a land-dwelling",What is the difference between an axolotl and a tiger salamander? | Are axolotls and tiger salamanders related? | Why do axolotls not metamorphose? | What does a tiger salamander look like? | What does an axolotl look like? | Can a tiger salamander become an axolotl? | Can an axolotl become a tiger salamander? | Which one is endangered?,0,654,3,2
/biology-and-science/lifespan-wild-vs-captivity,biology-and-science,3,Axolotl Lifespan: How Long Do Axolotls Live?,"Pet axolotls typically live 10-15 years with good care, and some reach 20+. Wild axolotls face much harder odds. Here is",How long do axolotls live? | How long do axolotls live in the wild? | How long do pet axolotls live? | What shortens an axolotl's lifespan? | What extends an axolotl's lifespan? | How long do axolotls live by life stage? | How long do axolotls live as pets? | Do wild axolotls live as long as pets?,0,639,2,2
/breeding/genetics-and-inbreeding,breeding,3,Axolotl Genetics & Inbreeding Risk: What Breeders Must Know,"Why axolotl inbreeding is so common, what inbreeding depression does to offspring, and the rules ethical breeders follow",Why Are Axolotls So Inbred? | What Does Inbreeding Do to Axolotls? | When Is Breeding Two Axolotls Unsafe? | How Do You Breed Axolotls Ethically? | How Many Times Can a Female Axolotl Breed? | Frequently Asked Questions | Related guides | Care,0,631,3,2
/breeding/sexing-axolotls,breeding,3,How to Tell Axolotl Gender: Male vs Female Cloaca Guide,"How to tell a male from a female axolotl. The cloaca is the only reliable indicator, and you should not definitively sex",When Can You Tell an Axolotl's Gender? | How Do You Tell a Male Axolotl? | How Do You Tell a Female Axolotl? | Do Male and Female Axolotls Look Different? | Can a Female Cloaca Look Like a Male's? | Are There Early Signs of Gender in Juveniles? | Frequently Asked Questions | Related guides,0,608,2,2
/care-basics/axolotl-age-and-size-chart,care-basics,3,Axolotl Age & Size Chart: How Big They Get at Every Stage,"Adult axolotls reach 9-12 inches (23-30 cm), most by 18-24 months. Here is the age and size chart from hatchling to adul",How big do axolotls get? | How fast do axolotls grow? | What is the axolotl age and size chart? | How old is a 3-inch axolotl? | How old is a 5-inch axolotl? | When is an axolotl fully grown? | Do axolotls ever stop growing? | How do I measure my axolotl?,4,1030,2,3
/care-basics/axolotl-intelligence-and-bonding,care-basics,3,Do Axolotls Recognize Their Owners? Bonding & Intelligence,"Yes, axolotls recognize their owners through routine and feeding cues, not mammal-style affection. Here is how recogniti",Do axolotls recognize their owners? | How do axolotls recognize people? | Can axolotls see their owners? | What senses do axolotls use? | How long does it take for an axolotl to recognize you? | What are the signs your axolotl knows you? | Can you bond with an axolotl? | How intelligent are axolotls?,4,1016,2,2
/care-basics/axolotls-and-children,care-basics,3,Are Axolotls Good Pets for Kids? What Parents Must Know,"Yes, axolotls work for kids 10 and up with adult supervision, but they are not a low-maintenance starter pet. Here is wh",Are axolotls good pets for kids? | At what age can a child care for an axolotl? | What makes axolotls good for kids? | What are the risks of axolotls for kids? | Do axolotls bite children? | Can kids hold axolotls? | What equipment do parents need? | What rules should kids follow by the tank?,4,986,3,4
/care-basics/behavior,care-basics,3,Axolotl Behavior Explained: What Every Owner Should Know,"Why is my axolotl floating, hiding, or swimming frantically? A complete guide to normal and concerning axolotl behavior,",What is normal axolotl behavior? | Which behaviors are completely normal? | Why is my axolotl floating at the surface? | What does a stressed axolotl look like? | What do concerning behaviors mean? | When is an axolotl most active? | What happens after feeding? | Why does an axolotl hide all day?,0,895,3,3
/care-basics/cost-of-ownership-monthly,care-basics,3,"Axolotl Monthly Cost: Budget for Food, Water & Supplies (2026)","How much does an axolotl cost per month? A realistic monthly budget for food, water conditioner, electricity, and suppli",How much does an axolotl cost per month? | What is the monthly cost breakdown? | What is the biggest hidden cost? | How can I keep monthly costs low? | What does the first-year budget look like? | Do axolotls need regular vet visits? | How does the cost add up over a lifetime? | Is an axolotl an expensive pet?,0,830,3,4
/care-basics/handling,care-basics,3,"How to Hold an Axolotl: Safe Handling, Netting & Transport","Axolotls should almost never be handled. When you must move one, here is how to hold and net an axolotl safely without h",How do you hold an axolotl? | When is handling an axolotl necessary? | How long can an axolotl be out of water? | How do you net an axolotl safely? | How do you hold an axolotl with bare hands? | How do you transport an axolotl safely? | How do you examine a sick axolotl? | Can I hold my axolotl?,0,798,3,3
/care-basics/how-to-pronounce-axolotl,care-basics,3,How to Pronounce Axolotl: Correct Way & Common Mistakes,"How do you pronounce axolotl? The correct English way is ACK-suh-lot-ul. Here is the syllable breakdown, common mistakes","How do you pronounce axolotl? | What is the syllable breakdown? | What is the most common mistake? | Why is axolotl hard to pronounce? | What does axolotl mean? | How do you say the ""tl"" ending? | How can I remember the pronunciation? | Which syllable is stressed in axolotl?",0,524,2,2
/care-basics/keeping-multiple-axolotls,care-basics,3,Can Axolotls Live Together? Housing Multiple Axolotls Safely,"Yes, axolotls can live together if they are similar in size, given enough space, and separated by age. Here is how to ho",Can axolotls live together? | Why does size matter most? | How big must the tank be for multiple axolotls? | Does sex matter when axolotls cohabit? | How do you set up a tank for multiple axolotls? | How do you introduce a new axolotl? | What are the signs of cohabitation problems? | Do axolotls need a friend?,0,712,3,3
/cost-and-buying/red-flags-when-buying,cost-and-buying,3,Axolotl Seller Red Flags: How to Spot Scams and Bad Breeders,"The axolotl seller red flags that signal scams, sick animals, and unethical breeders - and how to avoid losing money on ","What are the red flags when buying an axolotl? | How do I spot a photo or video scam? | Why is a very low price a warning, not a bargain? | Which payment methods should I refuse? | When should I walk away from a seller? | Frequently Asked Questions | Related guides | Care",2,552,3,2
/cost-and-buying/shipping-live-axolotls,cost-and-buying,3,How Are Axolotls Shipped: What to Expect,"How axolotls are shipped safely - packing, temperature control, overnight delivery, what arrives in the box, and the liv",How are axolotls shipped? | How is temperature controlled during shipping? | What arrives in the box? | Why should I film the unboxing? | How do I acclimate a shipped axolotl? | Frequently Asked Questions | Related guides | Care,2,524,2,2
/diet/axolotl-pellets,diet,3,Best Axolotl Pellets and Commercial Foods | Axolotl Care Guide,Best Axolotl Pellets and Commercial Foods,Quick Recommendations | What Is the Best Axolotl Pellet Overall? | What Should an Axolotl Pellet Actually Contain? | Which Pellet Characteristics Matter Most? | How Many Commercial Axolotl Pellets Are Worth Comparing? | Which Pellet Attributes Matter More Than Brand? | Which Pellet Is Best for Juvenile Axolotls? | Which Pellet Offers the Best Value for Bulk Feeding?,0,2956,2,2
/diet/beef-heart,diet,3,Can Axolotls Eat Beef Heart? | Axolotl Care Guide,"Axolotls can physically eat beef heart, but it is not a safe staple food because its calcium-to-phosphorus ratio runs ne",Can Axolotls Safely Eat Beef Heart? | Why Beef Heart Is Not Recommended | How Axolotls Digest Food | Beef Heart vs. Better Food Choices | Why Beef Heart Was Recommended Years Ago | What Happens If Your Axolotl Already Ate Beef Heart? | Water Quality and Uneaten Beef Heart | Healthier Alternatives,10,1585,2,2
/diet/blackworms-for-juveniles,diet,3,Preparing Blackworms for Juvenile Axolotls | Axolotl Care Guide,Preparing Blackworms for Juvenile Axolotls,Why Are Blackworms Ideal for Juvenile Axolotls? | When Can Juvenile Axolotls Eat Blackworms? | How Do You Choose Healthy Blackworms? | How Do You Prepare Blackworms Before Feeding? | Step 1. Rinse Thoroughly | Step 2. Purge the Worms | Step 3. Inspect the Batch | Step 4. Keep Them Cold,5,1380,3,3
/diet/fasting-and-vacation,diet,3,How Long Can Axolotls Fast? | Axolotl Care Guide,"Adult axolotls fast safely for up to 14 days, juvenile axolotls fast safely for 5 to 14 days depending on age, and hatch",What Happens Inside an Axolotl During a Fast? | How Long Can Adult Axolotls Go Without Food? | How Long Can Juvenile Axolotls Fast? | How Long Can Baby Axolotls Fast? | What Determines Safe Fasting Duration? | How does fasting tolerance compare across common scenarios? | How Does Owner Absence Change Fasting Risk? | Can You Leave an Axolotl Alone While You're on Vacation?,11,2457,2,2
/diet/how-to-hand-feed,diet,3,How to Hand Feed Your Axolotl Safely | Axolotl Care Guide,How to Hand Feed Your Axolotl Safely (Step-by-Step Guide),Should You Hand Feed Your Axolotl? | Benefits of Hand Feeding | When You Shouldn't Hand Feed | Why Axolotls Rarely Bite During Hand Feeding | Why the Bite Doesn't Hurt | Prepare Before Hand Feeding | Wash Your Hands Properly | Choose Safe Foods,6,2442,2,2
/diet/shrimp-for-axolotls,diet,3,Can Axolotls Eat Shrimp? | Axolotl Care Guide,"Yes, axolotls can eat shrimp, but shrimp should be an occasional treat rather than the foundation of their diet. Raw, un",Can Shrimp Be Part of a Healthy Axolotl Diet? | Is Shrimp Safe for Axolotls? | Raw vs. Frozen vs. Cooked Shrimp: Which Is Best? | Raw Shrimp | Frozen Shrimp | Cooked Shrimp | Seasoned or Marinated Shrimp | Breaded Shrimp,7,2209,2,3
/diet/vitamin-and-supplement-needs,diet,3,Do Axolotls Need Vitamin Supplements? A… | Axolotl Care Guide,Do Axolotls Need Vitamin Supplements? A Complete Guide to Safe Nutrition,How Axolotls Get Their Nutrients | Why Most Axolotls Don't Need Vitamin Supplements | The Best Foods for Healthy Axolotls | Earthworms | High-Quality Axolotl Pellets | Foods for Juvenile Axolotls | Can Axolotls Become Vitamin Deficient? | When Are Vitamin Supplements Appropriate?,4,1023,2,2
/gifts-and-merch/best-axolotl-lego-sets,gifts-and-merch,3,LEGO Axolotl Sets: Minecraft The Axolotl House Explained,"The LEGO Minecraft The Axolotl House (21247) is the flagship LEGO axolotl set. Here's the full breakdown - pieces, minif",Is There a LEGO Axolotl Set? | What Are the Specs of the LEGO Axolotl House? | Is the Axolotl House Retired? | What Is the Value of the LEGO Axolotl House? | What Other LEGO Sets Have Axolotls? | Is the LEGO Axolotl House Worth It? | How Much Is the LEGO Minecraft Axolotl House? | How Many Pieces Is the LEGO Axolotl Set?,0,610,2,2
/gifts-and-merch/build-a-bear-axolotl-guide,gifts-and-merch,3,"Build-A-Bear Axolotl: Every Model, Price & How to Customize","Build-A-Bear sells a pink axolotl for $32, plus zombie, gingerbread, and Mini Beans versions. Here are the models, real ",Does Build-A-Bear Sell an Axolotl? | What Build-A-Bear Axolotls Exist? | What Is the Best Build-A-Bear Axolotl? | How Do You Customize a Build-A-Bear Axolotl? | How Much Does a Build-A-Bear Axolotl Cost? | Is the Build-A-Bear Axolotl Good for Kids? | How Do You Avoid Fake Build-A-Bear Axolotls? | How Much Is a Build-A-Bear Axolotl?,0,653,3,2
/health/ammonia-burns,health,3,"Axolotl Ammonia Burn: Signs, Stages & Treatment","Ammonia burns turn an axolotl's skin red, peel its slime coat, and injure its gills. Learn the three-stage severity scal",What Do Ammonia Burns Look Like? | How Do You Treat an Ammonia Burn? | Frequently Asked Questions | Related guides | Care | Explore | Tools |   How Severe Are the Burns?,5,951,2,3
/health/finding-an-exotic-vet,health,3,How to Find an Axolotl Vet: What to Look For & How Much It Costs,"How to find a vet for your axolotl - what to look for in an exotic vet, questions to ask, and what treatment costs.",Why can't a regular vet treat an axolotl? | How do I find an exotic vet near me? | Frequently Asked Questions | Related guides | Care | Explore | Tools |   How do I use the ARAV directory?,4,519,2,4
/health/impaction-symptoms-treatment,health,3,"Axolotl Impaction: Symptoms, Causes & Treatment","Axolotl impaction symptoms, what causes blockages, and how to treat an impacted axolotl - including fridging and when to",What are the symptoms of axolotl impaction? | What causes impaction in axolotls? | How can I tell impaction from constipation? | How do I treat an impacted axolotl? | How does fridging help an impacted axolotl? | When does impaction need a vet? | How do I prevent impaction? | Related guides,0,537,3,4
/health/limb-regeneration,health,3,How Axolotl Limb Regeneration Works & What to Expect,"Axolotls regrow lost limbs, tails, and gills - sometimes more than once. Learn the regeneration science, the full timeli",Why Do Axolotls Regenerate? | What Is the Regeneration Timeline? | What Do You Do While a Limb Regenerates? | Frequently Asked Questions | Related guides | Care | Explore | Tools,6,860,3,3
/health/minor-scrapes-and-wounds,health,3,Treating Minor Axolotl Scrapes & Wounds: What to Do,"Minor scrapes are common in axolotls and heal on their own in clean water. Learn when to leave a wound alone, how to pre",How Do Minor Wounds Happen? | What Are the First Steps for Any Minor Wound? | When Is a 'Minor' Wound Actually Serious? | How Do You Prevent the Next Scratch? | Frequently Asked Questions | Related guides | Care | Explore,5,933,3,3
/health/parasite-treatment,health,3,Treating Axolotl Parasites | Axolotl Care Guide,Treating Axolotl Parasites: A Practical Guide for Owners,"What Parasites Mean for Your Axolotl | How Parasites Usually Get Into a Tank | Internal vs. External Parasites, in Plain Terms | Signs Your Axolotl May Have Parasites | Appetite and Weight Changes | Fecal Changes | Skin and Gill Changes | Behavior Changes",8,1563,3,5
/health/red-leg-syndrome,health,3,"Axolotl Red Leg Disease: Signs, Treatment & Prevention",Red leg syndrome is a bacterial blood infection that reddens an axolotl's skin and turns deadly untreated. Learn early s,What Is Red Leg Syndrome? | What Are the Early Signs of Red Leg? | What Causes Red Leg? | What Treatment Actually Works for Red Leg? | How Do You Prevent Red Leg? | Frequently Asked Questions | Related guides | Care,5,999,3,3
/health/salt-bath,health,3,Axolotl Salt Baths: Treating Fungal… | Axolotl Care Guide,Axolotl Salt Baths: How to Treat Fungal Infections Safely,What Is an Axolotl Salt Bath (and When Is It Necessary?) | Fungal Infection Symptoms That May Require Treatment | Why Salt Baths Are a Last Resort Rather Than Routine Care | Salt Bath vs. Tea Bath: Which Treatment Fits Your Axolotl? | Which Option Is Gentlest for Mild Fungus? | Which Option Treats Moderate or Spreading Fungus? | When to Skip Home Treatment and Contact an Exotic Veterinarian | How to Prepare an Axolotl Salt Bath,9,2277,3,2
/health/shrinking-gills,health,3,Why Are My Axolotl's Gills Shrinking? Causes & Fixes,"Shrinking or thinning gills are not a disease - they are an axolotl quietly complaining. Learn the real causes, recovery",What Do Shrinking Gills Look Like? | What Causes Shrinking Gills? | How Long Until Gills Regrow? | How Do You Reverse Shrinking Gills? | Frequently Asked Questions | Related guides | Care | Explore,6,1076,3,4
/legal/hawaii,legal,3,Are Axolotls Legal in Hawaii? Import Rules Explained (2026),"No. Hawaii does not prohibit axolotls, but import requires a Plant Quarantine permit that private pet owners do not get.",Is It Legal to Own an Axolotl in Hawaii? | How Does Hawaii Regulate Axolotl Imports? | Which Salamanders Are Prohibited in Hawaii? | How Do You Apply for an Axolotl Import Permit in Hawaii? | Does Federal Law Restrict Axolotls in Hawaii? | Are There Axolotls Already in Hawaii? | Who Do I Contact About Importing an Axolotl to Hawaii? | Related guides,0,557,2,3
/legal/new-jersey,legal,3,Are Axolotls Legal in New Jersey? Laws Explained (2026),"No, axolotls are illegal to keep as pets in New Jersey. Restricted species rules ban possession, sale, and import. Here ",Are axolotls legal in New Jersey? | What law bans axolotls in New Jersey? | Why are axolotls restricted in New Jersey? | Can I own an axolotl in New Jersey with a permit? | What are the penalties for keeping an axolotl in New Jersey? | What happens if I already own an axolotl in New Jersey? | Does federal law affect axolotls in New Jersey? | What can I do instead of keeping an axolotl in New Jersey?,4,991,3,3
/legal/new-mexico,legal,3,Are Axolotls Legal in New Mexico? Import Permit (2026),"Yes, axolotls are legal to own in New Mexico, but importing one into the state requires a permit from the Department of ",Are axolotls legal in New Mexico? | Do I need a permit to import an axolotl into New Mexico? | What does the New Mexico importation permit require? | How much does a New Mexico importation permit cost? | Do I need a permit to own an axolotl already in New Mexico? | Does federal law affect axolotls in New Mexico? | Is it legal to release an axolotl in New Mexico? | Frequently Asked Questions,4,951,2,3
/morphs/blue-and-pink-axolotl-myth,morphs,3,Blue and Pink Axolotls: The Myth Explained (No Blue Morph Exists),Are blue or pink axolotls real? No true blue axolotl exists - blue photos are edited or dyed animals. Here's the truth a,Is there a blue axolotl morph? | Are pink axolotls real? | Why does the blue axolotl myth persist? | How do I avoid the blue axolotl scam? | Frequently Asked Questions | Related guides | Care | Explore,3,512,2,3
/morphs/copper,morphs,3,"Copper Axolotl: Color, Genetics & How to Breed Them","The copper axolotl is a brown-orange morph with reddish gills and light eyes, caused by a recessive Tyrp1 mutation. Lear",What Is a Copper Axolotl? | How Do You Identify a Copper Axolotl? | Copper Axolotl Genetics | Breeding Copper Axolotls | Do Copper Axolotls Need Different Care? | Frequently Asked Questions | Related guides | Care,4,558,2,4
/morphs/enigma-firefly-mac,morphs,3,"Enigma, MAC & Firefly Axolotls: Rare Morphs and the Ethics Debate","Enigma, MAC, and firefly axolotls are the rarest and most controversial morphs. Learn what each is, how MAC and firefly ",What Is an Enigma Axolotl? | What Is a MAC Axolotl? | What Is a Firefly Axolotl? | Are Firefly Axolotls Ethical? | What Do These Morphs Cost? | Frequently Asked Questions | Related guides | Care,4,618,3,3
/morphs/gfp-axolotl,morphs,3,"What Is a GFP Axolotl? Care, Setup & Why They Glow","A GFP axolotl carries a jellyfish gene that makes it glow green under blue light. Learn how GFP breeding works, when the",What Is a GFP Axolotl? | How Do Axolotls Become GFP? | When Is the Green Glow Visible? | Do GFP Axolotls Need Special Setup? | Frequently Asked Questions | Related guides | Care | Explore,4,566,2,2
/morphs/golden-albino,morphs,3,"Golden Albino Axolotl: Genetics, Price & Care Guide","The golden albino axolotl is a yellow-gold morph with pink-red eyes. Learn its genetics, how it differs from a plain alb",What Is a Golden Albino Axolotl? | Golden Albino vs. Albino: What Is the Difference? | How Do You Get a Golden Albino Axolotl? | Do Golden Albino Axolotls Need Different Care? | Frequently Asked Questions | Related guides | Care | Explore,4,535,3,3
/morphs/melanoid,morphs,3,Melanoid Axolotl: Genetics & How to Identify One,"The melanoid axolotl is a near-black morph with no metallic shine, including on its eyes. Learn how to identify one from",What Is a Melanoid Axolotl? | How Do You Identify a Melanoid Axolotl? | Melanoid Axolotl Genetics | Melanoid vs. Wild Type: Which Is Darker? | Do Melanoid Axolotls Need Different Care? | Frequently Asked Questions | Related guides | Care,4,626,3,3
/morphs/morphs-comparison-chart,morphs,3,Axolotl Morphs Comparison Chart: All Colors at a Glance,"Every axolotl morph compared in one chart - color, rarity, price, and genetics - so you can identify any axolotl at a gl",Which morphs are the most common? | What are all the axolotl morphs? | What are the rarest axolotl morphs? | How do I identify my axolotl's morph? | Which morph is best for a beginner? | Related guides | Care | Explore,0,466,3,3
/morphs/mosaic,morphs,3,"Mosaic Axolotl: The Patchy Rare Morph, Explained","What is a mosaic axolotl? How it differs from a chimera, what the pattern looks like, rarity, and price - explained in p",What is a mosaic axolotl? | What does a mosaic axolotl look like? | How is a mosaic different from a chimera? | How rare is a mosaic axolotl? | Can you breed mosaic axolotls? | How much does a mosaic axolotl cost? | Do mosaic axolotls need special care? | Related guides,0,588,2,3
/morphs/piebald,morphs,3,"Piebald Axolotl: Genetics, Price & How It's Different",A piebald axolotl has a dark body with irregular patches of unpigmented white. Learn what makes piebalds different from ,What Is a Piebald Axolotl? | How Is a Piebald Different from a Leucistic and a Chimera? | Piebald Axolotl Genetics | How Much Does a Piebald Axolotl Cost? | Do Piebald Axolotls Need Different Care? | Frequently Asked Questions | Related guides | Care,4,587,2,4
/tank-setup/acclimating-a-new-axolotl,tank-setup,3,How to Acclimate a New Axolotl: Step-by-Step,"How to acclimate a new axolotl to its tank - the drip or bag-float method, how long it takes, and what to do in the firs",Why does acclimation matter? | How long does it take to acclimate an axolotl? | How do I acclimate a new axolotl step by step? | Should I drip acclimate an axolotl? | What water conditions do I need before the axolotl arrives? | What do I do in the first few days? | Should I quarantine a new axolotl? | Related guides,0,639,2,3
/tank-setup/canister-vs-sponge-filter,tank-setup,3,Canister Filters vs. Sponge Filters for… | Axolotl Care Guide,Canister Filters vs. Sponge Filters for Axolotls: Which Is Better?,Why Does Filtration Matter So Much for Axolotls? | How Does Axolotl Waste Affect Water Chemistry? | How Does Water Movement Affect Axolotls? | How Does Biological Filtration Work in an Axolotl Tank? | How Does Bacterial Colonization Differ by Media Type? | How Does Mechanical Filtration Remove Waste? | How Do Sponge Filters Work for Axolotls? | What Are the Advantages of a Sponge Filter for Axolotls?,11,6117,2,2
/tank-setup/gravel-risks,tank-setup,3,The Dangers of Sharp Gravel for Axolotls | Axolotl Care Guide,The Dangers of Sharp Gravel for Axolotls (And the Safest Alternatives),Is Sharp Gravel Safe for Axolotls? | No. Sharp gravel is not considered a safe substrate for axolotls. | Why Axolotls Accidentally Swallow Gravel | Why Particle Size Matters More Than Shape | What Happens After an Axolotl Swallows Sharp Gravel? | Stage 1: Gravel Enters the Digestive Tract | Stage 2: Intestinal Impaction Develops | Stage 3: Internal Tissue Damage,7,2647,3,2
/tank-setup/hides-and-caves,tank-setup,3,Best Hides and Caves for Axolotls | Axolotl Care Guide,"Every axolotl needs at least one dark, smooth, fully enclosed hide to remain healthy in captivity. The safest and most e",What Is an Axolotl Hide? | Why Axolotls Need Hides and Caves | Natural Hiding Behavior | How Many Hides Per Axolotl | Functions of a Hide — Why Darkness and Security Matter | How Hides Reduce Stress Response | From Reduced Stress to Better Feeding and Long-Term Health | Which Hide Material Is Best?,11,4355,3,2
/tank-setup/live-vs-artificial-plants,tank-setup,3,Live Plants vs. Fake Plants for Axolotl… | Axolotl Care Guide,Live Plants vs. Fake Plants for Axolotl Tanks,Why Plant Choice Matters in an Axolotl Tank | Skin and Gill Sensitivity Determines Plant Safety | Water Chemistry Changes with Plant Type | Functions of Tank Plants for Axolotls | Attribute Chain: Why Plant Softness Matters | Live Plants vs. Fake Plants: Which Is Safer? | Which Material Is Safest? | Silicone,10,3125,3,2
/tank-setup/tank-mates,tank-setup,3,"Can Axolotls Live with Fish? Tank-Mates, Explained","Can axolotls live with fish, snails, or shrimp? The honest tank-mate compatibility guide - including why most fish are a",Can axolotls live with fish? | Why are fish dangerous for axolotls? | What is the best tank mate for an axolotl? | What can live safely with an axolotl? | Which tank-mates are never safe? | How do I keep tank-mates with an axolotl safely? | Related guides | Care,0,601,2,3
/tank-setup/uneaten-food-and-ammonia,tank-setup,3,Why Uneaten Food Causes Ammonia in an… | Axolotl Care Guide,Why Uneaten Food Causes Ammonia in an Axolotl Tank — And How to Remove It,Why Does Uneaten Food Cause Ammonia? | How the Process Works | How Much Ammonia Is Safe for Axolotls? | 0 ppm | Zero. | How Long Does Uneaten Food Take to Turn Into Ammonia? | Almost immediately. | Which Foods Foul the Water Fastest?,3,2449,3,2
/tank-setup/why-tank-water-smells,tank-setup,3,Why Does My Axolotl Tank Water Stink? | Axolotl Care Guide,"A healthy axolotl tank produces little to no detectable odor beyond a faint, earthy smell. Any sharper or unpleasant sme",Do Axolotls Themselves Smell? | What Does Each Type of Tank Odor Mean? | Is It Normal for an Axolotl Tank to Smell? | Normal vs. Problematic Tank Odors | Normal | Problematic | Why Does a New Axolotl Tank Smell? | How Does the Nitrogen Cycle Affect Tank Odor?,8,2074,2,2
/tools/feeding-schedule-generator,tools,3,Axolotl Feeding Schedule Generator,,,0,,0,2
/tools/nitrogen-cycle-tracker,tools,3,Axolotl Nitrogen Cycle Tracker — Free Tank Cycling Progress Tool,"Free axolotl nitrogen cycle tracker. Log your daily ammonia, nitrite, and nitrate readings and see exactly where your ta",Axolotl nitrogen cycle — frequently asked questions | About this axolotl nitrogen cycle tracker |   What is the axolotl nitrogen cycle? |   Axolotl water parameters — full reference,6,,0,1
/tools/symptom-checker,tools,3,Axolotl Symptom Checker,,,0,,0,3
/tools/tank-size-calculator,tools,3,Axolotl Tank Size Calculator,,,0,,0,2
/tools/water-conditioner-dosage-calculator,tools,3,Axolotl Water Conditioner Dosage Calculator | Precise Dosing for Healthy Axolotls,"Free axolotl water conditioner dosage calculator. Get precise Seachem Prime, Safe, Fritz Complete, and API dosing for ro",Tank Configuration | Water Change | Water Conditioner | Dosing Mode | Your Dosage Results |   ⚠ Axolotl Safety Warnings |   Getting the Dose Right: More Than a Formality |   Chlorine vs. Chloramine: Why It Matters,0,,0,1
