entity,attribute,intent,gap_type,priority,target_url,rationale,content_to_create
tank-system,water-change,procedural,missing_canonical,HIGH,/tank-setup/water-change-guide,"Water changes are the #1 recurring owner task and are referenced across /tank-setup/water-parameters-cycling, /tank-setup/water-conditioners, /tank-setup/why-tank-water-smells and /tank-setup/uneaten-food-and-ammonia, but no page owns the full procedure.",Dedicated step-by-step water-change guide (how much, how often, dechlorination order, gravel-vac vs bare-bottom, temperature-matched replacement) + cross-link anchors from all four calling pages.
biology-concept,metamorphosis,troubleshooting,missing_owner_page,MEDIUM_HIGH,/biology-and-science/metamorphosis,"'Why is my axolotl turning into a salamander / can iodine force metamorphosis' is a real owner concern. /biology-and-science/neoteny (495w, thin) covers only one FAQ and cannot carry the owner-facing treatment of accidental metamorphosis triggers.",New owner-facing page: what metamorphosis looks like, causes (iodine/thyroid, hormone dosing), whether it is reversible, and care changes if it happens; link from neoteny and from an anchor on /axolotls/care-guide.
health-condition,emergency-triage,troubleshooting,missing_canonical,MEDIUM,/health/emergency-first-aid,"No page answers 'is this an emergency / call a vet now' even though /health/finding-an-exotic-vet covers locating a vet. Emergency behaviors (curled gills combos, red leg, severe floating, refusal to eat >X days, ammonia spikes) are scattered across treatments.",New 'emergency checklist + when to call a vet now' triage page with a decision table; inbound anchors from /health hub and all tier-1 treatment pages.
health-condition,healthy-stool,informational,missing_longtail,MEDIUM,/health/healthy-axolotl-poop,"Fecal appearance is referenced in /health/parasite-treatment but there is no stool-baseline page. Healthy-stool is a high-frequency owner query that funnels to parasite/impaction treatments.",New long-tail diagnostics page: what healthy axolotl poop looks like, color/consistency deviation table, and routing to parasite-treatment / impaction-symptoms-treatment / malnutrition-signs.
legal-jurisdiction,us-state-coverage,decision,coverage_gap,MEDIUM,/legal,"Only 5 US states (CA, HI, ME, NJ, NM, VA) and Canada have dedicated pages. Most-restrictive states carry the highest search demand for the legality intent.",Before writing: confirm demand + law via GSC/GKP pairwise analysis against existing pages; expand only states with verified volume (do not add content-for-content). Add an 'every state' lookup row/table in /legal hub.
water-chemistry,testing,procedural,missing_support,MEDIUM,/tank-setup/how-to-test-water,"/tank-setup/water-parameters-cycling explains parameters and /tools/nitrogen-cycle-tracker records them, but no page teaches which test kit and how to take a reading reliably.",New how-to page (test kit pick, strip vs drops, when to test, reading logs) that routes into the nitrogen-cycle-tracker tool and references water-params threshold table.
tank-system,chiller-sizing,reference,missing_tool,LOW,/tools/chiller-size-calculator,"/tank-setup/aquarium-chillers answers sizing in prose Q&A; a calculator would capture the tail intent and return a referral to the buying guide.",Small interactive calculator (tank volume, ambient temp delta, target range -> recommended chiller class) with output linking aquarium-chillers.
axolotl,first-year-budget,decision,coverage_weak,LOW,/cost-and-buying,"First-year budget is only implied between /care-basics/cost-of-ownership-monthly and /cost-and-buying hub. Purchase+setup+first-year is the clearest pre-purchase decision number.",Add a first-year total-cost table (setup + axolotl + 12 months) to /cost-and-buying hub or a dedicated price-breakdown section; cross-link both cost pages.
diet,nightcrawler-sourcing,informational,coverage_weak,LOW,/diet/best-foods-list,"Earthworm sourcing (bait shop vs online worm farm, grading) is a common follow-up to the gold-standard advice in /diet/best-foods-list.",Short sourcing subsection under the earthworm section of best-foods-list with grading + contamination note.
breeding,hatchling-pellet-transition,procedural,coverage_weak,LOW,/breeding/raising-juveniles,"Transition from live larval foods (blackworms, brine) to pellets is spread across /breeding/raising-juveniles and /diet/blackworms-for-juveniles with no explicit milestone table.",Add explicit weaning/transition milestone table (age/size -> food -> frequency) plus pointer links between the two pages.