group_id,cluster,query_theme,primary_url,competing_urls,risk_level,evidence,recommended_action
C1,axolotls,"axolotl care guide",/axolotls/care-guide,/axolotls,HIGH,"/axolotls titles itself 'Axolotls: Complete Care & Biology Guide' and /axolotls/care-guide titles itself 'Axolotl Care Guide' - both target the flagship query. Hub has 1 child and 0 inbound; the article is the only real ranking page for the query.",Make care-guide the sole ranking page for the query; demote /axolotls hub H1 to navigational ('Axolotl Care Guide - All Care Guides') and differentiate its meta title; verify internal links point to care-guide not the hub.
C2,health,axolotl stress signs,/health/curled-gills-stress-signal,/health/stress-signs|/health/why-axolotl-floating,HIGH,"/health/stress-signs (596w) answers the same stress-question set as curled-gills-stress-signal (1061w) and why-axolotl-floating (1588w); it has 4 in / 4 out and no unique value in its heading list.",Fold the unique content of stress-signs into curled-gills (gills+tail) and floating (positional causes), then redirect /health/stress-signs to /health/curled-gills-stress-signal; preserve the URL only if a decision table cannot be unified.
C3,tank-setup,axolotl tank temperature / how to cool,/tank-setup/temperature,/tank-setup/aquarium-chillers,MEDIUM,"/tank-setup/temperature (5826w) covers the full cooling-methods chain including chillers; aquarium-chillers (2699w) repeats range + cooling context before reaching purchase guidance. 5 in/2 out on temperature vs 5 in/2 out on chillers.",Split intent explicitly: temperature = the 'what temp + how to cool' information pillar; aquarium-chillers = the 'which chiller to buy' decision guide. Remove duplicated range content from chillers, add decision table + cross-links both ways.
C4,tank-setup,best filter for axolotl,/tank-setup/filtration-for-axolotls,/tank-setup/canister-vs-sponge-filter,MEDIUM,"filtration-for-axolotls (4274w) and canister-vs-sponge-filter (6117w) both rank for filter-choice queries with overlapping sections (bio media, flow rate, recommendations).",Assign roles: filtration-for-axolotls = principles + sizing + flow safety (the science page); canister-vs-sponge-filter = the head-to-head purchase decision. Sharpen H1s and meta titles across the two.
C5,health,axolotl fungus / how to treat fungus,/health/fungal-infections-saprolegnia,/health/black-tea-bath|/health/salt-bath,MEDIUM,"Three pages answer the fungus-treatment query chain: fungal-infections-saprolegnia (diagnosis, 1791w), black-tea-bath (first-line, 2657w), salt-bath (last-resort, 2277w). Same species, same cause, sequential treatments.",Role-split explicitly: fungus = identification + when to act; tea-bath = mild first-line; salt-bath = severe/last-resort. Add a 'which treatment for my case' decision box linking the trio; keep titles distinct.
C6,diet/health/tank-setup,axolotl impaction / gravel impaction,/health/impaction-symptoms-treatment,/diet/overfeeding-and-impaction|/tank-setup/substrate-and-impaction|/tank-setup/gravel-risks,MEDIUM,"Impaction queries resolve to 4 pages across 3 clusters: impaction-symptoms-treatment (537w, thin), overfeeding-and-impaction (2891w, BCS/diet), substrate-and-impaction (4029w, sand choice), gravel-risks (2647w, substrate danger).",Designate impaction-symptoms-treatment as the canonical health landing for the condition and thicken it (add vet threshold + fridging links). Keep diet/substrate/gravel pages scoped to their own attribute and have each link to the canonical landing.
C7,care-basics,should I get an axolotl,/care-basics/are-axolotls-good-beginner-pets,/care-basics/axolotls-and-children|/care-basics/cost-of-ownership-monthly,MEDIUM,"Three care-basics pages share the pre-purchase decision chain (suitability, kids angle, monthly cost) with overlapping pros/cons and cost numbers (830w vs 986w vs 1028w).",Keep three distinct-intent pages but add a 'before you buy' decision cross-nav on each and de-duplicate shared cost/setup numbers into a single source (see gaps row first-year-budget).
C8,biology-and-science/health,axolotl regeneration / regrow limb,/biology-and-science/regeneration-and-limb-regrowth,/health/limb-regeneration,MEDIUM,"Both pages carry the headline 'regeneration/regrow limb' topic; health/limb-regeneration (860w) already includes the timeline and owner guidance that biology page (629w) also touches on.",biology = science deep-dive (mechanism, why no scarring); health = owner guide (what to do during regrowth, timeline, when worried). Differentiate first sentence of each and cross-link as 'the science' vs 'the owner guide'.
C9,morphs,morph color/price identification,/morphs/morphs-comparison-chart,individual morph pages|/cost-and-buying/axolotl-price-by-morph,LOW,"morphs-comparison-chart (466w, thin) is the intended consolidator but is out-ranked in depth by 13 individual morph articles and price-by-morph redundantly states per-morph price.",Turn comparison-chart into the consolidation hub: full table linking every morph article, rarity+price columns drawn from price-by-morph; have each morph article link back to the chart. Do NOT expand individual pages into the chart's job.
C10,diet/health,how long can an axolotl go without food,/diet/feeding-schedule-by-age,/diet/fasting-and-vacation|/health/refusing-to-eat,HIGH,"Fasting-duration tables appear in feeding-schedule-by-age (1781w, 10 FAQ), fasting-and-vacation (2457w) and refusing-to-eat (3364w, 17 FAQ) with overlapping numbers for adult/juvenile/hatchling.",feeding-schedule owns routine schedule; fasting-and-vacation owns planned fasts (vacation); refusing-to-eat owns the medical/fasting-into-emergency frame. Remove duplicate tables, add one canonical duration table in fasting-and-vacation and link the other two to it by intent.